GHO (CODE),GHO (DISPLAY),GHO (URL),YEAR (DISPLAY),STARTYEAR,ENDYEAR,REGION (CODE),REGION (DISPLAY),COUNTRY (CODE),COUNTRY (DISPLAY),DIMENSION (TYPE),DIMENSION (CODE),DIMENSION (NAME),Numeric,Value,Low,High
GHED_PVT-D_pc_US_SHA2011,Domestic private health expenditure (PVT-D) per capita in US$,https://www.who.int/data/gho/data/indicators/indicator-details/GHO/domestic-private-health-expenditure-%28pvt-d%29-per-capita-in-usd,2017,2017,2017,AFR,Africa,KEN,Kenya,,,,23.91004308,23.91,,
GHED_GGHE-DGGE_SHA2011,Domestic general government health expenditure (GGHE-D) as percentage of general government expenditure (GGE) (%),https://www.who.int/data/gho/data/indicators/indicator-details/GHO/domestic-general-government-health-expenditure-%28gghe-d%29-as-percentage-of-general-government-expenditure-%28gge%29,2013,2013,2013,AFR,Africa,KEN,Kenya,,,,7.14972067,7.15,,
GHED_CHEGDP_SHA2011,Current health expenditure (CHE) as percentage of gross domestic product (GDP) (%),https://www.who.int/data/gho/data/indicators/indicator-details/GHO/current-health-expenditure-%28che%29-as-percentage-of-gross-domestic-product-%28gdp%29-%28-%29,2003,2003,2003,AFR,Africa,KEN,Kenya,,,,4.03365707,4.03,,
GHED_EXTCHE_SHA2011,External health expenditure (EXT) as percentage of current health expenditure (CHE) (%),https://www.who.int/data/gho/data/indicators/indicator-details/GHO/external-health-expenditure-%28ext%29-as-percentage-of-current-health-expenditure-%28che%29-%28-%29,2016,2016,2016,AFR,Africa,KEN,Kenya,,,,16.20617104,16.21,,
GHED_PVT-DCHE_SHA2011,Domestic private health expenditure (PVT-D) as percentage of current health expenditure (CHE) (%),https://www.who.int/data/gho/data/indicators/indicator-details/GHO/domestic-private-health-expenditure-%28pvt-d%29-as-percentage-of-current-health-expenditure-%28che%29-%28-%29,2015,2015,2015,AFR,Africa,KEN,Kenya,,,,41.69890594,41.70,,
GHED_GGHE-DGGE_SHA2011,Domestic general government health expenditure (GGHE-D) as percentage of general government expenditure (GGE) (%),https://www.who.int/data/gho/data/indicators/indicator-details/GHO/domestic-general-government-health-expenditure-%28gghe-d%29-as-percentage-of-general-government-expenditure-%28gge%29,2017,2017,2017,AFR,Africa,KEN,Kenya,,,,6.79240465,6.79,,
GHED_EXT_pc_US_SHA2011,External health expenditure (EXT) per capita in US$,https://www.who.int/data/gho/data/indicators/indicator-details/GHO/external-health-expenditure-%28ext%29-per-capita-in-us,2009,2009,2009,AFR,Africa,KEN,Kenya,,,,16.40625418,16.41,,
GHED_OOP_pc_US_SHA2011,Out-of-pocket expenditure (OOP) per capita in US$,https://www.who.int/data/gho/data/indicators/indicator-details/GHO/out-of-pocket-expenditure-%28oop%29-per-capita-in-us,2000,2000,2000,AFR,Africa,KEN,Kenya,,,,10.19234879,10.19,,
GHED_PVT-D_pc_US_SHA2011,Domestic private health expenditure (PVT-D) per capita in US$,https://www.who.int/data/gho/data/indicators/indicator-details/GHO/domestic-private-health-expenditure-%28pvt-d%29-per-capita-in-usd,2023,2023,2023,AFR,Africa,KEN,Kenya,,,,29.69664847,29.70,,
GHED_GGHE-DCHE_SHA2011,Domestic general government health expenditure (GGHE-D) as percentage of current health expenditure (CHE) (%),https://www.who.int/data/gho/data/indicators/indicator-details/GHO/domestic-general-government-health-expenditure-%28gche-d%29-as-percentage-of-current-health-expenditure,2002,2002,2002,AFR,Africa,KEN,Kenya,,,,29.03210449,29.03,,
GHED_OOPSCHE_SHA2011,Out-of-pocket expenditure as percentage of current health expenditure (CHE) (%),https://www.who.int/data/gho/data/indicators/indicator-details/GHO/out-of-pocket-expenditure-as-percentage-of-current-health-expenditure-%28che%29-%28-%29,2004,2004,2004,AFR,Africa,KEN,Kenya,,,,44.46904373,44.47,,
GHED_CHE_pc_US_SHA2011,Current health expenditure (CHE) per capita in US$,https://www.who.int/data/gho/data/indicators/indicator-details/GHO/current-health-expenditure-%28che%29-per-capita-in-us-dollar,2004,2004,2004,AFR,Africa,KEN,Kenya,,,,27.65002823,27.65,,
GHED_CHEGDP_SHA2011,Current health expenditure (CHE) as percentage of gross domestic product (GDP) (%),https://www.who.int/data/gho/data/indicators/indicator-details/GHO/current-health-expenditure-%28che%29-as-percentage-of-gross-domestic-product-%28gdp%29-%28-%29,2011,2011,2011,AFR,Africa,KEN,Kenya,,,,5.20212841,5.20,,
GHED_PVT-DCHE_SHA2011,Domestic private health expenditure (PVT-D) as percentage of current health expenditure (CHE) (%),https://www.who.int/data/gho/data/indicators/indicator-details/GHO/domestic-private-health-expenditure-%28pvt-d%29-as-percentage-of-current-health-expenditure-%28che%29-%28-%29,2002,2002,2002,AFR,Africa,KEN,Kenya,,,,55.19612122,55.20,,
GHED_GGHE-DGGE_SHA2011,Domestic general government health expenditure (GGHE-D) as percentage of general government expenditure (GGE) (%),https://www.who.int/data/gho/data/indicators/indicator-details/GHO/domestic-general-government-health-expenditure-%28gghe-d%29-as-percentage-of-general-government-expenditure-%28gge%29,2010,2010,2010,AFR,Africa,KEN,Kenya,,,,7.24412632,7.24,,
GHED_GGHE-DGDP_SHA2011,Domestic general government health expenditure (GGHE-D) as percentage of gross domestic product (GDP) (%),https://www.who.int/data/gho/data/indicators/indicator-details/GHO/domestic-general-government-health-expenditure-%28gghe-d%29-as-percentage-of-gross-domestic-product-%28gdp%29-%28-%29,2011,2011,2011,AFR,Africa,KEN,Kenya,,,,1.60566163,1.61,,
GHED_EXT_pc_US_SHA2011,External health expenditure (EXT) per capita in US$,https://www.who.int/data/gho/data/indicators/indicator-details/GHO/external-health-expenditure-%28ext%29-per-capita-in-us,2015,2015,2015,AFR,Africa,KEN,Kenya,,,,12.71425186,12.71,,
GHED_CHEGDP_SHA2011,Current health expenditure (CHE) as percentage of gross domestic product (GDP) (%),https://www.who.int/data/gho/data/indicators/indicator-details/GHO/current-health-expenditure-%28che%29-as-percentage-of-gross-domestic-product-%28gdp%29-%28-%29,2002,2002,2002,AFR,Africa,KEN,Kenya,,,,3.82159472,3.82,,
GHED_EXT_pc_US_SHA2011,External health expenditure (EXT) per capita in US$,https://www.who.int/data/gho/data/indicators/indicator-details/GHO/external-health-expenditure-%28ext%29-per-capita-in-us,2002,2002,2002,AFR,Africa,KEN,Kenya,,,,3.51516904,3.52,,
GHED_CHEGDP_SHA2011,Current health expenditure (CHE) as percentage of gross domestic product (GDP) (%),https://www.who.int/data/gho/data/indicators/indicator-details/GHO/current-health-expenditure-%28che%29-as-percentage-of-gross-domestic-product-%28gdp%29-%28-%29,2012,2012,2012,AFR,Africa,KEN,Kenya,,,,5.0180583,5.02,,
GHED_OOP_pc_US_SHA2011,Out-of-pocket expenditure (OOP) per capita in US$,https://www.who.int/data/gho/data/indicators/indicator-details/GHO/out-of-pocket-expenditure-%28oop%29-per-capita-in-us,2007,2007,2007,AFR,Africa,KEN,Kenya,,,,18.02314544,18.02,,
GHED_GGHE-DCHE_SHA2011,Domestic general government health expenditure (GGHE-D) as percentage of current health expenditure (CHE) (%),https://www.who.int/data/gho/data/indicators/indicator-details/GHO/domestic-general-government-health-expenditure-%28gche-d%29-as-percentage-of-current-health-expenditure,2014,2014,2014,AFR,Africa,KEN,Kenya,,,,37.40696716,37.41,,
GHED_CHEGDP_SHA2011,Current health expenditure (CHE) as percentage of gross domestic product (GDP) (%),https://www.who.int/data/gho/data/indicators/indicator-details/GHO/current-health-expenditure-%28che%29-as-percentage-of-gross-domestic-product-%28gdp%29-%28-%29,2007,2007,2007,AFR,Africa,KEN,Kenya,,,,5.12358475,5.12,,
GHED_OOP_pc_US_SHA2011,Out-of-pocket expenditure (OOP) per capita in US$,https://www.who.int/data/gho/data/indicators/indicator-details/GHO/out-of-pocket-expenditure-%28oop%29-per-capita-in-us,2016,2016,2016,AFR,Africa,KEN,Kenya,,,,18.47171967,18.47,,
GHED_GGHE-DGDP_SHA2011,Domestic general government health expenditure (GGHE-D) as percentage of gross domestic product (GDP) (%),https://www.who.int/data/gho/data/indicators/indicator-details/GHO/domestic-general-government-health-expenditure-%28gghe-d%29-as-percentage-of-gross-domestic-product-%28gdp%29-%28-%29,2005,2005,2005,AFR,Africa,KEN,Kenya,,,,1.11996722,1.12,,
GHED_GGHE-DGGE_SHA2011,Domestic general government health expenditure (GGHE-D) as percentage of general government expenditure (GGE) (%),https://www.who.int/data/gho/data/indicators/indicator-details/GHO/domestic-general-government-health-expenditure-%28gghe-d%29-as-percentage-of-general-government-expenditure-%28gge%29,2022,2022,2022,AFR,Africa,KEN,Kenya,,,,8.65115547,8.65,,
GHED_GGHE-D_pc_US_SHA2011,Domestic general government health expenditure (GGHE-D) per capita in US$,https://www.who.int/data/gho/data/indicators/indicator-details/GHO/domestic-general-government-health-expenditure-%28gghe-d%29-per-capita-in-us,2006,2006,2006,AFR,Africa,KEN,Kenya,,,,9.48090332,9.48,,
GHED_GGHE-DGDP_SHA2011,Domestic general government health expenditure (GGHE-D) as percentage of gross domestic product (GDP) (%),https://www.who.int/data/gho/data/indicators/indicator-details/GHO/domestic-general-government-health-expenditure-%28gghe-d%29-as-percentage-of-gross-domestic-product-%28gdp%29-%28-%29,2018,2018,2018,AFR,Africa,KEN,Kenya,,,,1.7670722,1.77,,
GHED_CHE_pc_US_SHA2011,Current health expenditure (CHE) per capita in US$,https://www.who.int/data/gho/data/indicators/indicator-details/GHO/current-health-expenditure-%28che%29-per-capita-in-us-dollar,2017,2017,2017,AFR,Africa,KEN,Kenya,,,,66.46552277,66.47,,
GHED_GGHE-DGGE_SHA2011,Domestic general government health expenditure (GGHE-D) as percentage of general government expenditure (GGE) (%),https://www.who.int/data/gho/data/indicators/indicator-details/GHO/domestic-general-government-health-expenditure-%28gghe-d%29-as-percentage-of-general-government-expenditure-%28gge%29,2014,2014,2014,AFR,Africa,KEN,Kenya,,,,7.8450079,7.85,,
GHED_GGHE-DGDP_SHA2011,Domestic general government health expenditure (GGHE-D) as percentage of gross domestic product (GDP) (%),https://www.who.int/data/gho/data/indicators/indicator-details/GHO/domestic-general-government-health-expenditure-%28gghe-d%29-as-percentage-of-gross-domestic-product-%28gdp%29-%28-%29,2022,2022,2022,AFR,Africa,KEN,Kenya,,,,2.00364423,2.00,,
GHED_GGHE-DCHE_SHA2011,Domestic general government health expenditure (GGHE-D) as percentage of current health expenditure (CHE) (%),https://www.who.int/data/gho/data/indicators/indicator-details/GHO/domestic-general-government-health-expenditure-%28gche-d%29-as-percentage-of-current-health-expenditure,2013,2013,2013,AFR,Africa,KEN,Kenya,,,,33.68307114,33.68,,
GHED_EXT_pc_US_SHA2011,External health expenditure (EXT) per capita in US$,https://www.who.int/data/gho/data/indicators/indicator-details/GHO/external-health-expenditure-%28ext%29-per-capita-in-us,2022,2022,2022,AFR,Africa,KEN,Kenya,,,,17.34072753,17.34,,
GHED_EXT_pc_US_SHA2011,External health expenditure (EXT) per capita in US$,https://www.who.int/data/gho/data/indicators/indicator-details/GHO/external-health-expenditure-%28ext%29-per-capita-in-us,2013,2013,2013,AFR,Africa,KEN,Kenya,,,,15.30928549,15.31,,
GHED_EXTCHE_SHA2011,External health expenditure (EXT) as percentage of current health expenditure (CHE) (%),https://www.who.int/data/gho/data/indicators/indicator-details/GHO/external-health-expenditure-%28ext%29-as-percentage-of-current-health-expenditure-%28che%29-%28-%29,2018,2018,2018,AFR,Africa,KEN,Kenya,,,,22.1549015,22.15,,
GHED_PVT-DCHE_SHA2011,Domestic private health expenditure (PVT-D) as percentage of current health expenditure (CHE) (%),https://www.who.int/data/gho/data/indicators/indicator-details/GHO/domestic-private-health-expenditure-%28pvt-d%29-as-percentage-of-current-health-expenditure-%28che%29-%28-%29,2017,2017,2017,AFR,Africa,KEN,Kenya,,,,35.97360611,35.97,,
GHED_GGHE-DGDP_SHA2011,Domestic general government health expenditure (GGHE-D) as percentage of gross domestic product (GDP) (%),https://www.who.int/data/gho/data/indicators/indicator-details/GHO/domestic-general-government-health-expenditure-%28gghe-d%29-as-percentage-of-gross-domestic-product-%28gdp%29-%28-%29,2023,2023,2023,AFR,Africa,KEN,Kenya,,,,1.95431077,1.95,,
GHED_PVT-DCHE_SHA2011,Domestic private health expenditure (PVT-D) as percentage of current health expenditure (CHE) (%),https://www.who.int/data/gho/data/indicators/indicator-details/GHO/domestic-private-health-expenditure-%28pvt-d%29-as-percentage-of-current-health-expenditure-%28che%29-%28-%29,2021,2021,2021,AFR,Africa,KEN,Kenya,,,,32.67166138,32.67,,
GHED_GGHE-DCHE_SHA2011,Domestic general government health expenditure (GGHE-D) as percentage of current health expenditure (CHE) (%),https://www.who.int/data/gho/data/indicators/indicator-details/GHO/domestic-general-government-health-expenditure-%28gche-d%29-as-percentage-of-current-health-expenditure,2016,2016,2016,AFR,Africa,KEN,Kenya,,,,42.80955124,42.81,,
GHED_PVT-D_pc_US_SHA2011,Domestic private health expenditure (PVT-D) per capita in US$,https://www.who.int/data/gho/data/indicators/indicator-details/GHO/domestic-private-health-expenditure-%28pvt-d%29-per-capita-in-usd,2010,2010,2010,AFR,Africa,KEN,Kenya,,,,24.83988169,24.84,,
GHED_OOP_pc_US_SHA2011,Out-of-pocket expenditure (OOP) per capita in US$,https://www.who.int/data/gho/data/indicators/indicator-details/GHO/out-of-pocket-expenditure-%28oop%29-per-capita-in-us,2018,2018,2018,AFR,Africa,KEN,Kenya,,,,17.58847099,17.59,,
GHED_GGHE-DCHE_SHA2011,Domestic general government health expenditure (GGHE-D) as percentage of current health expenditure (CHE) (%),https://www.who.int/data/gho/data/indicators/indicator-details/GHO/domestic-general-government-health-expenditure-%28gche-d%29-as-percentage-of-current-health-expenditure,2018,2018,2018,AFR,Africa,KEN,Kenya,,,,43.10948181,43.11,,
GHED_GGHE-D_pc_US_SHA2011,Domestic general government health expenditure (GGHE-D) per capita in US$,https://www.who.int/data/gho/data/indicators/indicator-details/GHO/domestic-general-government-health-expenditure-%28gghe-d%29-per-capita-in-us,2020,2020,2020,AFR,Africa,KEN,Kenya,,,,42.59929056,42.60,,
GHED_GGHE-DGGE_SHA2011,Domestic general government health expenditure (GGHE-D) as percentage of general government expenditure (GGE) (%),https://www.who.int/data/gho/data/indicators/indicator-details/GHO/domestic-general-government-health-expenditure-%28gghe-d%29-as-percentage-of-general-government-expenditure-%28gge%29,2001,2001,2001,AFR,Africa,KEN,Kenya,,,,7.08898258,7.09,,
GHED_PVT-DCHE_SHA2011,Domestic private health expenditure (PVT-D) as percentage of current health expenditure (CHE) (%),https://www.who.int/data/gho/data/indicators/indicator-details/GHO/domestic-private-health-expenditure-%28pvt-d%29-as-percentage-of-current-health-expenditure-%28che%29-%28-%29,2018,2018,2018,AFR,Africa,KEN,Kenya,,,,34.73561478,34.74,,
GHED_EXTCHE_SHA2011,External health expenditure (EXT) as percentage of current health expenditure (CHE) (%),https://www.who.int/data/gho/data/indicators/indicator-details/GHO/external-health-expenditure-%28ext%29-as-percentage-of-current-health-expenditure-%28che%29-%28-%29,2000,2000,2000,AFR,Africa,KEN,Kenya,,,,13.89061642,13.89,,
GHED_EXTCHE_SHA2011,External health expenditure (EXT) as percentage of current health expenditure (CHE) (%),https://www.who.int/data/gho/data/indicators/indicator-details/GHO/external-health-expenditure-%28ext%29-as-percentage-of-current-health-expenditure-%28che%29-%28-%29,2002,2002,2002,AFR,Africa,KEN,Kenya,,,,15.77177429,15.77,,
GHED_OOP_pc_US_SHA2011,Out-of-pocket expenditure (OOP) per capita in US$,https://www.who.int/data/gho/data/indicators/indicator-details/GHO/out-of-pocket-expenditure-%28oop%29-per-capita-in-us,2009,2009,2009,AFR,Africa,KEN,Kenya,,,,17.39934574,17.40,,
GHED_CHE_pc_US_SHA2011,Current health expenditure (CHE) per capita in US$,https://www.who.int/data/gho/data/indicators/indicator-details/GHO/current-health-expenditure-%28che%29-per-capita-in-us-dollar,2003,2003,2003,AFR,Africa,KEN,Kenya,,,,25.64012337,25.64,,
GHED_OOPSCHE_SHA2011,Out-of-pocket expenditure as percentage of current health expenditure (CHE) (%),https://www.who.int/data/gho/data/indicators/indicator-details/GHO/out-of-pocket-expenditure-as-percentage-of-current-health-expenditure-%28che%29-%28-%29,2009,2009,2009,AFR,Africa,KEN,Kenya,,,,31.37526703,31.38,,
GHED_OOP_pc_US_SHA2011,Out-of-pocket expenditure (OOP) per capita in US$,https://www.who.int/data/gho/data/indicators/indicator-details/GHO/out-of-pocket-expenditure-%28oop%29-per-capita-in-us,2020,2020,2020,AFR,Africa,KEN,Kenya,,,,20.2040989,20.20,,
GHED_CHE_pc_US_SHA2011,Current health expenditure (CHE) per capita in US$,https://www.who.int/data/gho/data/indicators/indicator-details/GHO/current-health-expenditure-%28che%29-per-capita-in-us-dollar,2019,2019,2019,AFR,Africa,KEN,Kenya,,,,85.64528656,85.65,,
GHED_PVT-DCHE_SHA2011,Domestic private health expenditure (PVT-D) as percentage of current health expenditure (CHE) (%),https://www.who.int/data/gho/data/indicators/indicator-details/GHO/domestic-private-health-expenditure-%28pvt-d%29-as-percentage-of-current-health-expenditure-%28che%29-%28-%29,2020,2020,2020,AFR,Africa,KEN,Kenya,,,,33.64291382,33.64,,
GHED_CHE_pc_US_SHA2011,Current health expenditure (CHE) per capita in US$,https://www.who.int/data/gho/data/indicators/indicator-details/GHO/current-health-expenditure-%28che%29-per-capita-in-us-dollar,2020,2020,2020,AFR,Africa,KEN,Kenya,,,,86.5921936,86.59,,
GHED_PVT-DCHE_SHA2011,Domestic private health expenditure (PVT-D) as percentage of current health expenditure (CHE) (%),https://www.who.int/data/gho/data/indicators/indicator-details/GHO/domestic-private-health-expenditure-%28pvt-d%29-as-percentage-of-current-health-expenditure-%28che%29-%28-%29,2023,2023,2023,AFR,Africa,KEN,Kenya,,,,34.95409393,34.95,,
GHED_EXT_pc_US_SHA2011,External health expenditure (EXT) per capita in US$,https://www.who.int/data/gho/data/indicators/indicator-details/GHO/external-health-expenditure-%28ext%29-per-capita-in-us,2020,2020,2020,AFR,Africa,KEN,Kenya,,,,14.86076451,14.86,,
GHED_EXT_pc_US_SHA2011,External health expenditure (EXT) per capita in US$,https://www.who.int/data/gho/data/indicators/indicator-details/GHO/external-health-expenditure-%28ext%29-per-capita-in-us,2004,2004,2004,AFR,Africa,KEN,Kenya,,,,5.65579634,5.66,,
GHED_GGHE-DCHE_SHA2011,Domestic general government health expenditure (GGHE-D) as percentage of current health expenditure (CHE) (%),https://www.who.int/data/gho/data/indicators/indicator-details/GHO/domestic-general-government-health-expenditure-%28gche-d%29-as-percentage-of-current-health-expenditure,2000,2000,2000,AFR,Africa,KEN,Kenya,,,,27.5660038,27.57,,
GHED_PVT-D_pc_US_SHA2011,Domestic private health expenditure (PVT-D) per capita in US$,https://www.who.int/data/gho/data/indicators/indicator-details/GHO/domestic-private-health-expenditure-%28pvt-d%29-per-capita-in-usd,2009,2009,2009,AFR,Africa,KEN,Kenya,,,,23.75013131,23.75,,
GHED_EXTCHE_SHA2011,External health expenditure (EXT) as percentage of current health expenditure (CHE) (%),https://www.who.int/data/gho/data/indicators/indicator-details/GHO/external-health-expenditure-%28ext%29-as-percentage-of-current-health-expenditure-%28che%29-%28-%29,2023,2023,2023,AFR,Africa,KEN,Kenya,,,,20.13706398,20.14,,
GHED_PVT-DCHE_SHA2011,Domestic private health expenditure (PVT-D) as percentage of current health expenditure (CHE) (%),https://www.who.int/data/gho/data/indicators/indicator-details/GHO/domestic-private-health-expenditure-%28pvt-d%29-as-percentage-of-current-health-expenditure-%28che%29-%28-%29,2003,2003,2003,AFR,Africa,KEN,Kenya,,,,55.34002304,55.34,,
GHED_PVT-DCHE_SHA2011,Domestic private health expenditure (PVT-D) as percentage of current health expenditure (CHE) (%),https://www.who.int/data/gho/data/indicators/indicator-details/GHO/domestic-private-health-expenditure-%28pvt-d%29-as-percentage-of-current-health-expenditure-%28che%29-%28-%29,2001,2001,2001,AFR,Africa,KEN,Kenya,,,,57.38870621,57.39,,
GHED_PVT-DCHE_SHA2011,Domestic private health expenditure (PVT-D) as percentage of current health expenditure (CHE) (%),https://www.who.int/data/gho/data/indicators/indicator-details/GHO/domestic-private-health-expenditure-%28pvt-d%29-as-percentage-of-current-health-expenditure-%28che%29-%28-%29,2011,2011,2011,AFR,Africa,KEN,Kenya,,,,42.81203079,42.81,,
GHED_GGHE-DGGE_SHA2011,Domestic general government health expenditure (GGHE-D) as percentage of general government expenditure (GGE) (%),https://www.who.int/data/gho/data/indicators/indicator-details/GHO/domestic-general-government-health-expenditure-%28gghe-d%29-as-percentage-of-general-government-expenditure-%28gge%29,2007,2007,2007,AFR,Africa,KEN,Kenya,,,,7.03938627,7.04,,
GHED_PVT-DCHE_SHA2011,Domestic private health expenditure (PVT-D) as percentage of current health expenditure (CHE) (%),https://www.who.int/data/gho/data/indicators/indicator-details/GHO/domestic-private-health-expenditure-%28pvt-d%29-as-percentage-of-current-health-expenditure-%28che%29-%28-%29,2022,2022,2022,AFR,Africa,KEN,Kenya,,,,34.62804031,34.63,,
GHED_GGHE-DGDP_SHA2011,Domestic general government health expenditure (GGHE-D) as percentage of gross domestic product (GDP) (%),https://www.who.int/data/gho/data/indicators/indicator-details/GHO/domestic-general-government-health-expenditure-%28gghe-d%29-as-percentage-of-gross-domestic-product-%28gdp%29-%28-%29,2007,2007,2007,AFR,Africa,KEN,Kenya,,,,1.27245092,1.27,,
GHED_EXT_pc_US_SHA2011,External health expenditure (EXT) per capita in US$,https://www.who.int/data/gho/data/indicators/indicator-details/GHO/external-health-expenditure-%28ext%29-per-capita-in-us,2010,2010,2010,AFR,Africa,KEN,Kenya,,,,16.9420468,16.94,,
GHED_GGHE-D_pc_US_SHA2011,Domestic general government health expenditure (GGHE-D) per capita in US$,https://www.who.int/data/gho/data/indicators/indicator-details/GHO/domestic-general-government-health-expenditure-%28gghe-d%29-per-capita-in-us,2001,2001,2001,AFR,Africa,KEN,Kenya,,,,6.26233129,6.26,,
GHED_OOP_pc_US_SHA2011,Out-of-pocket expenditure (OOP) per capita in US$,https://www.who.int/data/gho/data/indicators/indicator-details/GHO/out-of-pocket-expenditure-%28oop%29-per-capita-in-us,2013,2013,2013,AFR,Africa,KEN,Kenya,,,,21.72064152,21.72,,
GHED_GGHE-DCHE_SHA2011,Domestic general government health expenditure (GGHE-D) as percentage of current health expenditure (CHE) (%),https://www.who.int/data/gho/data/indicators/indicator-details/GHO/domestic-general-government-health-expenditure-%28gche-d%29-as-percentage-of-current-health-expenditure,2011,2011,2011,AFR,Africa,KEN,Kenya,,,,30.8654747,30.87,,
GHED_OOPSCHE_SHA2011,Out-of-pocket expenditure as percentage of current health expenditure (CHE) (%),https://www.who.int/data/gho/data/indicators/indicator-details/GHO/out-of-pocket-expenditure-as-percentage-of-current-health-expenditure-%28che%29-%28-%29,2020,2020,2020,AFR,Africa,KEN,Kenya,,,,23.33247375,23.33,,
GHED_GGHE-D_pc_US_SHA2011,Domestic general government health expenditure (GGHE-D) per capita in US$,https://www.who.int/data/gho/data/indicators/indicator-details/GHO/domestic-general-government-health-expenditure-%28gghe-d%29-per-capita-in-us,2021,2021,2021,AFR,Africa,KEN,Kenya,,,,45.95190943,45.95,,
GHED_CHEGDP_SHA2011,Current health expenditure (CHE) as percentage of gross domestic product (GDP) (%),https://www.who.int/data/gho/data/indicators/indicator-details/GHO/current-health-expenditure-%28che%29-as-percentage-of-gross-domestic-product-%28gdp%29-%28-%29,2021,2021,2021,AFR,Africa,KEN,Kenya,,,,4.56992722,4.57,,
GHED_CHEGDP_SHA2011,Current health expenditure (CHE) as percentage of gross domestic product (GDP) (%),https://www.who.int/data/gho/data/indicators/indicator-details/GHO/current-health-expenditure-%28che%29-as-percentage-of-gross-domestic-product-%28gdp%29-%28-%29,2005,2005,2005,AFR,Africa,KEN,Kenya,,,,4.2174139,4.22,,
GHED_OOP_pc_US_SHA2011,Out-of-pocket expenditure (OOP) per capita in US$,https://www.who.int/data/gho/data/indicators/indicator-details/GHO/out-of-pocket-expenditure-%28oop%29-per-capita-in-us,2022,2022,2022,AFR,Africa,KEN,Kenya,,,,21.89321384,21.89,,
GHED_GGHE-DGDP_SHA2011,Domestic general government health expenditure (GGHE-D) as percentage of gross domestic product (GDP) (%),https://www.who.int/data/gho/data/indicators/indicator-details/GHO/domestic-general-government-health-expenditure-%28gghe-d%29-as-percentage-of-gross-domestic-product-%28gdp%29-%28-%29,2013,2013,2013,AFR,Africa,KEN,Kenya,,,,1.66091359,1.66,,
GHED_EXT_pc_US_SHA2011,External health expenditure (EXT) per capita in US$,https://www.who.int/data/gho/data/indicators/indicator-details/GHO/external-health-expenditure-%28ext%29-per-capita-in-us,2006,2006,2006,AFR,Africa,KEN,Kenya,,,,11.68851499,11.69,,
GHED_EXTCHE_SHA2011,External health expenditure (EXT) as percentage of current health expenditure (CHE) (%),https://www.who.int/data/gho/data/indicators/indicator-details/GHO/external-health-expenditure-%28ext%29-as-percentage-of-current-health-expenditure-%28che%29-%28-%29,2008,2008,2008,AFR,Africa,KEN,Kenya,,,,29.02581215,29.03,,
GHED_PVT-D_pc_US_SHA2011,Domestic private health expenditure (PVT-D) per capita in US$,https://www.who.int/data/gho/data/indicators/indicator-details/GHO/domestic-private-health-expenditure-%28pvt-d%29-per-capita-in-usd,2004,2004,2004,AFR,Africa,KEN,Kenya,,,,14.9056205,14.91,,
GHED_CHEGDP_SHA2011,Current health expenditure (CHE) as percentage of gross domestic product (GDP) (%),https://www.who.int/data/gho/data/indicators/indicator-details/GHO/current-health-expenditure-%28che%29-as-percentage-of-gross-domestic-product-%28gdp%29-%28-%29,2004,2004,2004,AFR,Africa,KEN,Kenya,,,,4.21159506,4.21,,
GHED_GGHE-DCHE_SHA2011,Domestic general government health expenditure (GGHE-D) as percentage of current health expenditure (CHE) (%),https://www.who.int/data/gho/data/indicators/indicator-details/GHO/domestic-general-government-health-expenditure-%28gche-d%29-as-percentage-of-current-health-expenditure,2009,2009,2009,AFR,Africa,KEN,Kenya,,,,27.58823776,27.59,,
GHED_CHEGDP_SHA2011,Current health expenditure (CHE) as percentage of gross domestic product (GDP) (%),https://www.who.int/data/gho/data/indicators/indicator-details/GHO/current-health-expenditure-%28che%29-as-percentage-of-gross-domestic-product-%28gdp%29-%28-%29,2022,2022,2022,AFR,Africa,KEN,Kenya,,,,4.32241869,4.32,,
GHED_GGHE-DGDP_SHA2011,Domestic general government health expenditure (GGHE-D) as percentage of gross domestic product (GDP) (%),https://www.who.int/data/gho/data/indicators/indicator-details/GHO/domestic-general-government-health-expenditure-%28gghe-d%29-as-percentage-of-gross-domestic-product-%28gdp%29-%28-%29,2020,2020,2020,AFR,Africa,KEN,Kenya,,,,2.2100935,2.21,,
GHED_GGHE-DCHE_SHA2011,Domestic general government health expenditure (GGHE-D) as percentage of current health expenditure (CHE) (%),https://www.who.int/data/gho/data/indicators/indicator-details/GHO/domestic-general-government-health-expenditure-%28gche-d%29-as-percentage-of-current-health-expenditure,2017,2017,2017,AFR,Africa,KEN,Kenya,,,,42.93966675,42.94,,
GHED_OOPSCHE_SHA2011,Out-of-pocket expenditure as percentage of current health expenditure (CHE) (%),https://www.who.int/data/gho/data/indicators/indicator-details/GHO/out-of-pocket-expenditure-as-percentage-of-current-health-expenditure-%28che%29-%28-%29,2002,2002,2002,AFR,Africa,KEN,Kenya,,,,44.62519073,44.63,,
GHED_CHEGDP_SHA2011,Current health expenditure (CHE) as percentage of gross domestic product (GDP) (%),https://www.who.int/data/gho/data/indicators/indicator-details/GHO/current-health-expenditure-%28che%29-as-percentage-of-gross-domestic-product-%28gdp%29-%28-%29,2010,2010,2010,AFR,Africa,KEN,Kenya,,,,5.38849831,5.39,,
GHED_EXT_pc_US_SHA2011,External health expenditure (EXT) per capita in US$,https://www.who.int/data/gho/data/indicators/indicator-details/GHO/external-health-expenditure-%28ext%29-per-capita-in-us,2018,2018,2018,AFR,Africa,KEN,Kenya,,,,16.67750559,16.68,,
GHED_GGHE-DGGE_SHA2011,Domestic general government health expenditure (GGHE-D) as percentage of general government expenditure (GGE) (%),https://www.who.int/data/gho/data/indicators/indicator-details/GHO/domestic-general-government-health-expenditure-%28gghe-d%29-as-percentage-of-general-government-expenditure-%28gge%29,2011,2011,2011,AFR,Africa,KEN,Kenya,,,,7.98109102,7.98,,
GHED_PVT-DCHE_SHA2011,Domestic private health expenditure (PVT-D) as percentage of current health expenditure (CHE) (%),https://www.who.int/data/gho/data/indicators/indicator-details/GHO/domestic-private-health-expenditure-%28pvt-d%29-as-percentage-of-current-health-expenditure-%28che%29-%28-%29,2004,2004,2004,AFR,Africa,KEN,Kenya,,,,53.90815735,53.91,,
GHED_PVT-D_pc_US_SHA2011,Domestic private health expenditure (PVT-D) per capita in US$,https://www.who.int/data/gho/data/indicators/indicator-details/GHO/domestic-private-health-expenditure-%28pvt-d%29-per-capita-in-usd,2014,2014,2014,AFR,Africa,KEN,Kenya,,,,31.01324222,31.01,,
GHED_OOPSCHE_SHA2011,Out-of-pocket expenditure as percentage of current health expenditure (CHE) (%),https://www.who.int/data/gho/data/indicators/indicator-details/GHO/out-of-pocket-expenditure-as-percentage-of-current-health-expenditure-%28che%29-%28-%29,2003,2003,2003,AFR,Africa,KEN,Kenya,,,,45.29117966,45.29,,
GHED_PVT-D_pc_US_SHA2011,Domestic private health expenditure (PVT-D) per capita in US$,https://www.who.int/data/gho/data/indicators/indicator-details/GHO/domestic-private-health-expenditure-%28pvt-d%29-per-capita-in-usd,2019,2019,2019,AFR,Africa,KEN,Kenya,,,,30.41353075,30.41,,
GHED_OOP_pc_US_SHA2011,Out-of-pocket expenditure (OOP) per capita in US$,https://www.who.int/data/gho/data/indicators/indicator-details/GHO/out-of-pocket-expenditure-%28oop%29-per-capita-in-us,2008,2008,2008,AFR,Africa,KEN,Kenya,,,,18.53424007,18.53,,
GHED_CHEGDP_SHA2011,Current health expenditure (CHE) as percentage of gross domestic product (GDP) (%),https://www.who.int/data/gho/data/indicators/indicator-details/GHO/current-health-expenditure-%28che%29-as-percentage-of-gross-domestic-product-%28gdp%29-%28-%29,2019,2019,2019,AFR,Africa,KEN,Kenya,,,,4.36874676,4.37,,
GHED_CHE_pc_US_SHA2011,Current health expenditure (CHE) per capita in US$,https://www.who.int/data/gho/data/indicators/indicator-details/GHO/current-health-expenditure-%28che%29-per-capita-in-us-dollar,2023,2023,2023,AFR,Africa,KEN,Kenya,,,,84.958992,84.96,,
GHED_CHE_pc_US_SHA2011,Current health expenditure (CHE) per capita in US$,https://www.who.int/data/gho/data/indicators/indicator-details/GHO/current-health-expenditure-%28che%29-per-capita-in-us-dollar,2013,2013,2013,AFR,Africa,KEN,Kenya,,,,67.59809875,67.60,,
GHED_OOPSCHE_SHA2011,Out-of-pocket expenditure as percentage of current health expenditure (CHE) (%),https://www.who.int/data/gho/data/indicators/indicator-details/GHO/out-of-pocket-expenditure-as-percentage-of-current-health-expenditure-%28che%29-%28-%29,2018,2018,2018,AFR,Africa,KEN,Kenya,,,,23.36505699,23.37,,
GHED_GGHE-DGGE_SHA2011,Domestic general government health expenditure (GGHE-D) as percentage of general government expenditure (GGE) (%),https://www.who.int/data/gho/data/indicators/indicator-details/GHO/domestic-general-government-health-expenditure-%28gghe-d%29-as-percentage-of-general-government-expenditure-%28gge%29,2003,2003,2003,AFR,Africa,KEN,Kenya,,,,7.02242994,7.02,,
GHED_GGHE-D_pc_US_SHA2011,Domestic general government health expenditure (GGHE-D) per capita in US$,https://www.who.int/data/gho/data/indicators/indicator-details/GHO/domestic-general-government-health-expenditure-%28gghe-d%29-per-capita-in-us,2011,2011,2011,AFR,Africa,KEN,Kenya,,,,17.60037975,17.60,,
GHED_EXTCHE_SHA2011,External health expenditure (EXT) as percentage of current health expenditure (CHE) (%),https://www.who.int/data/gho/data/indicators/indicator-details/GHO/external-health-expenditure-%28ext%29-as-percentage-of-current-health-expenditure-%28che%29-%28-%29,2001,2001,2001,AFR,Africa,KEN,Kenya,,,,14.29401112,14.29,,
GHED_CHE_pc_US_SHA2011,Current health expenditure (CHE) per capita in US$,https://www.who.int/data/gho/data/indicators/indicator-details/GHO/current-health-expenditure-%28che%29-per-capita-in-us-dollar,2021,2021,2021,AFR,Africa,KEN,Kenya,,,,94.20249176,94.20,,
GHED_OOPSCHE_SHA2011,Out-of-pocket expenditure as percentage of current health expenditure (CHE) (%),https://www.who.int/data/gho/data/indicators/indicator-details/GHO/out-of-pocket-expenditure-as-percentage-of-current-health-expenditure-%28che%29-%28-%29,2023,2023,2023,AFR,Africa,KEN,Kenya,,,,24.24565315,24.25,,
GHED_GGHE-D_pc_US_SHA2011,Domestic general government health expenditure (GGHE-D) per capita in US$,https://www.who.int/data/gho/data/indicators/indicator-details/GHO/domestic-general-government-health-expenditure-%28gghe-d%29-per-capita-in-us,2002,2002,2002,AFR,Africa,KEN,Kenya,,,,6.47059444,6.47,,
GHED_CHE_pc_US_SHA2011,Current health expenditure (CHE) per capita in US$,https://www.who.int/data/gho/data/indicators/indicator-details/GHO/current-health-expenditure-%28che%29-per-capita-in-us-dollar,2008,2008,2008,AFR,Africa,KEN,Kenya,,,,54.35681915,54.36,,
GHED_GGHE-DGGE_SHA2011,Domestic general government health expenditure (GGHE-D) as percentage of general government expenditure (GGE) (%),https://www.who.int/data/gho/data/indicators/indicator-details/GHO/domestic-general-government-health-expenditure-%28gghe-d%29-as-percentage-of-general-government-expenditure-%28gge%29,2006,2006,2006,AFR,Africa,KEN,Kenya,,,,6.81280947,6.81,,
GHED_PVT-D_pc_US_SHA2011,Domestic private health expenditure (PVT-D) per capita in US$,https://www.who.int/data/gho/data/indicators/indicator-details/GHO/domestic-private-health-expenditure-%28pvt-d%29-per-capita-in-usd,2008,2008,2008,AFR,Africa,KEN,Kenya,,,,24.37461648,24.37,,
GHED_GGHE-DGDP_SHA2011,Domestic general government health expenditure (GGHE-D) as percentage of gross domestic product (GDP) (%),https://www.who.int/data/gho/data/indicators/indicator-details/GHO/domestic-general-government-health-expenditure-%28gghe-d%29-as-percentage-of-gross-domestic-product-%28gdp%29-%28-%29,2019,2019,2019,AFR,Africa,KEN,Kenya,,,,2.00870633,2.01,,
GHED_PVT-D_pc_US_SHA2011,Domestic private health expenditure (PVT-D) per capita in US$,https://www.who.int/data/gho/data/indicators/indicator-details/GHO/domestic-private-health-expenditure-%28pvt-d%29-per-capita-in-usd,2002,2002,2002,AFR,Africa,KEN,Kenya,,,,12.30195776,12.30,,
GHED_GGHE-D_pc_US_SHA2011,Domestic general government health expenditure (GGHE-D) per capita in US$,https://www.who.int/data/gho/data/indicators/indicator-details/GHO/domestic-general-government-health-expenditure-%28gghe-d%29-per-capita-in-us,2014,2014,2014,AFR,Africa,KEN,Kenya,,,,27.24943859,27.25,,
GHED_PVT-D_pc_US_SHA2011,Domestic private health expenditure (PVT-D) per capita in US$,https://www.who.int/data/gho/data/indicators/indicator-details/GHO/domestic-private-health-expenditure-%28pvt-d%29-per-capita-in-usd,2021,2021,2021,AFR,Africa,KEN,Kenya,,,,30.77751735,30.78,,
GHED_CHEGDP_SHA2011,Current health expenditure (CHE) as percentage of gross domestic product (GDP) (%),https://www.who.int/data/gho/data/indicators/indicator-details/GHO/current-health-expenditure-%28che%29-as-percentage-of-gross-domestic-product-%28gdp%29-%28-%29,2001,2001,2001,AFR,Africa,KEN,Kenya,,,,3.74002314,3.74,,
GHED_OOP_pc_US_SHA2011,Out-of-pocket expenditure (OOP) per capita in US$,https://www.who.int/data/gho/data/indicators/indicator-details/GHO/out-of-pocket-expenditure-%28oop%29-per-capita-in-us,2012,2012,2012,AFR,Africa,KEN,Kenya,,,,20.37922001,20.38,,
GHED_GGHE-DGGE_SHA2011,Domestic general government health expenditure (GGHE-D) as percentage of general government expenditure (GGE) (%),https://www.who.int/data/gho/data/indicators/indicator-details/GHO/domestic-general-government-health-expenditure-%28gghe-d%29-as-percentage-of-general-government-expenditure-%28gge%29,2005,2005,2005,AFR,Africa,KEN,Kenya,,,,6.89238787,6.89,,
GHED_GGHE-DGDP_SHA2011,Domestic general government health expenditure (GGHE-D) as percentage of gross domestic product (GDP) (%),https://www.who.int/data/gho/data/indicators/indicator-details/GHO/domestic-general-government-health-expenditure-%28gghe-d%29-as-percentage-of-gross-domestic-product-%28gdp%29-%28-%29,2021,2021,2021,AFR,Africa,KEN,Kenya,,,,2.22920752,2.23,,
GHED_PVT-DCHE_SHA2011,Domestic private health expenditure (PVT-D) as percentage of current health expenditure (CHE) (%),https://www.who.int/data/gho/data/indicators/indicator-details/GHO/domestic-private-health-expenditure-%28pvt-d%29-as-percentage-of-current-health-expenditure-%28che%29-%28-%29,2000,2000,2000,AFR,Africa,KEN,Kenya,,,,58.54337692,58.54,,
GHED_PVT-DCHE_SHA2011,Domestic private health expenditure (PVT-D) as percentage of current health expenditure (CHE) (%),https://www.who.int/data/gho/data/indicators/indicator-details/GHO/domestic-private-health-expenditure-%28pvt-d%29-as-percentage-of-current-health-expenditure-%28che%29-%28-%29,2014,2014,2014,AFR,Africa,KEN,Kenya,,,,42.57376862,42.57,,
GHED_EXTCHE_SHA2011,External health expenditure (EXT) as percentage of current health expenditure (CHE) (%),https://www.who.int/data/gho/data/indicators/indicator-details/GHO/external-health-expenditure-%28ext%29-as-percentage-of-current-health-expenditure-%28che%29-%28-%29,2005,2005,2005,AFR,Africa,KEN,Kenya,,,,18.9226532,18.92,,
GHED_CHE_pc_US_SHA2011,Current health expenditure (CHE) per capita in US$,https://www.who.int/data/gho/data/indicators/indicator-details/GHO/current-health-expenditure-%28che%29-per-capita-in-us-dollar,2015,2015,2015,AFR,Africa,KEN,Kenya,,,,70.94755554,70.95,,
GHED_PVT-D_pc_US_SHA2011,Domestic private health expenditure (PVT-D) per capita in US$,https://www.who.int/data/gho/data/indicators/indicator-details/GHO/domestic-private-health-expenditure-%28pvt-d%29-per-capita-in-usd,2003,2003,2003,AFR,Africa,KEN,Kenya,,,,14.18924966,14.19,,
GHED_OOPSCHE_SHA2011,Out-of-pocket expenditure as percentage of current health expenditure (CHE) (%),https://www.who.int/data/gho/data/indicators/indicator-details/GHO/out-of-pocket-expenditure-as-percentage-of-current-health-expenditure-%28che%29-%28-%29,2005,2005,2005,AFR,Africa,KEN,Kenya,,,,45.22662354,45.23,,
GHED_EXT_pc_US_SHA2011,External health expenditure (EXT) per capita in US$,https://www.who.int/data/gho/data/indicators/indicator-details/GHO/external-health-expenditure-%28ext%29-per-capita-in-us,2021,2021,2021,AFR,Africa,KEN,Kenya,,,,17.47305995,17.47,,
GHED_GGHE-D_pc_US_SHA2011,Domestic general government health expenditure (GGHE-D) per capita in US$,https://www.who.int/data/gho/data/indicators/indicator-details/GHO/domestic-general-government-health-expenditure-%28gghe-d%29-per-capita-in-us,2013,2013,2013,AFR,Africa,KEN,Kenya,,,,22.76911348,22.77,,
GHED_EXTCHE_SHA2011,External health expenditure (EXT) as percentage of current health expenditure (CHE) (%),https://www.who.int/data/gho/data/indicators/indicator-details/GHO/external-health-expenditure-%28ext%29-as-percentage-of-current-health-expenditure-%28che%29-%28-%29,2003,2003,2003,AFR,Africa,KEN,Kenya,,,,16.78109932,16.78,,
GHED_CHEGDP_SHA2011,Current health expenditure (CHE) as percentage of gross domestic product (GDP) (%),https://www.who.int/data/gho/data/indicators/indicator-details/GHO/current-health-expenditure-%28che%29-as-percentage-of-gross-domestic-product-%28gdp%29-%28-%29,2000,2000,2000,AFR,Africa,KEN,Kenya,,,,3.62451434,3.62,,
GHED_PVT-DCHE_SHA2011,Domestic private health expenditure (PVT-D) as percentage of current health expenditure (CHE) (%),https://www.who.int/data/gho/data/indicators/indicator-details/GHO/domestic-private-health-expenditure-%28pvt-d%29-as-percentage-of-current-health-expenditure-%28che%29-%28-%29,2010,2010,2010,AFR,Africa,KEN,Kenya,,,,42.23286438,42.23,,
GHED_OOP_pc_US_SHA2011,Out-of-pocket expenditure (OOP) per capita in US$,https://www.who.int/data/gho/data/indicators/indicator-details/GHO/out-of-pocket-expenditure-%28oop%29-per-capita-in-us,2011,2011,2011,AFR,Africa,KEN,Kenya,,,,17.65777925,17.66,,
GHED_OOP_pc_US_SHA2011,Out-of-pocket expenditure (OOP) per capita in US$,https://www.who.int/data/gho/data/indicators/indicator-details/GHO/out-of-pocket-expenditure-%28oop%29-per-capita-in-us,2010,2010,2010,AFR,Africa,KEN,Kenya,,,,17.7499721,17.75,,
GHED_OOPSCHE_SHA2011,Out-of-pocket expenditure as percentage of current health expenditure (CHE) (%),https://www.who.int/data/gho/data/indicators/indicator-details/GHO/out-of-pocket-expenditure-as-percentage-of-current-health-expenditure-%28che%29-%28-%29,2015,2015,2015,AFR,Africa,KEN,Kenya,,,,26.89801407,26.90,,
GHED_GGHE-DGGE_SHA2011,Domestic general government health expenditure (GGHE-D) as percentage of general government expenditure (GGE) (%),https://www.who.int/data/gho/data/indicators/indicator-details/GHO/domestic-general-government-health-expenditure-%28gghe-d%29-as-percentage-of-general-government-expenditure-%28gge%29,2021,2021,2021,AFR,Africa,KEN,Kenya,,,,9.28240871,9.28,,
GHED_CHE_pc_US_SHA2011,Current health expenditure (CHE) per capita in US$,https://www.who.int/data/gho/data/indicators/indicator-details/GHO/current-health-expenditure-%28che%29-per-capita-in-us-dollar,2009,2009,2009,AFR,Africa,KEN,Kenya,,,,55.455616,55.46,,
GHED_GGHE-DGGE_SHA2011,Domestic general government health expenditure (GGHE-D) as percentage of general government expenditure (GGE) (%),https://www.who.int/data/gho/data/indicators/indicator-details/GHO/domestic-general-government-health-expenditure-%28gghe-d%29-as-percentage-of-general-government-expenditure-%28gge%29,2016,2016,2016,AFR,Africa,KEN,Kenya,,,,8.02543449,8.03,,
GHED_GGHE-DGDP_SHA2011,Domestic general government health expenditure (GGHE-D) as percentage of gross domestic product (GDP) (%),https://www.who.int/data/gho/data/indicators/indicator-details/GHO/domestic-general-government-health-expenditure-%28gghe-d%29-as-percentage-of-gross-domestic-product-%28gdp%29-%28-%29,2009,2009,2009,AFR,Africa,KEN,Kenya,,,,1.4598949,1.46,,
GHED_OOP_pc_US_SHA2011,Out-of-pocket expenditure (OOP) per capita in US$,https://www.who.int/data/gho/data/indicators/indicator-details/GHO/out-of-pocket-expenditure-%28oop%29-per-capita-in-us,2001,2001,2001,AFR,Africa,KEN,Kenya,,,,10.26082988,10.26,,
GHED_PVT-D_pc_US_SHA2011,Domestic private health expenditure (PVT-D) per capita in US$,https://www.who.int/data/gho/data/indicators/indicator-details/GHO/domestic-private-health-expenditure-%28pvt-d%29-per-capita-in-usd,2020,2020,2020,AFR,Africa,KEN,Kenya,,,,29.13213296,29.13,,
GHED_OOPSCHE_SHA2011,Out-of-pocket expenditure as percentage of current health expenditure (CHE) (%),https://www.who.int/data/gho/data/indicators/indicator-details/GHO/out-of-pocket-expenditure-as-percentage-of-current-health-expenditure-%28che%29-%28-%29,2008,2008,2008,AFR,Africa,KEN,Kenya,,,,34.0973587,34.10,,
GHED_OOP_pc_US_SHA2011,Out-of-pocket expenditure (OOP) per capita in US$,https://www.who.int/data/gho/data/indicators/indicator-details/GHO/out-of-pocket-expenditure-%28oop%29-per-capita-in-us,2017,2017,2017,AFR,Africa,KEN,Kenya,,,,15.47357109,15.47,,
GHED_EXTCHE_SHA2011,External health expenditure (EXT) as percentage of current health expenditure (CHE) (%),https://www.who.int/data/gho/data/indicators/indicator-details/GHO/external-health-expenditure-%28ext%29-as-percentage-of-current-health-expenditure-%28che%29-%28-%29,2011,2011,2011,AFR,Africa,KEN,Kenya,,,,26.32249451,26.32,,
GHED_PVT-D_pc_US_SHA2011,Domestic private health expenditure (PVT-D) per capita in US$,https://www.who.int/data/gho/data/indicators/indicator-details/GHO/domestic-private-health-expenditure-%28pvt-d%29-per-capita-in-usd,2006,2006,2006,AFR,Africa,KEN,Kenya,,,,19.1345942,19.13,,
GHED_GGHE-D_pc_US_SHA2011,Domestic general government health expenditure (GGHE-D) per capita in US$,https://www.who.int/data/gho/data/indicators/indicator-details/GHO/domestic-general-government-health-expenditure-%28gghe-d%29-per-capita-in-us,2015,2015,2015,AFR,Africa,KEN,Kenya,,,,28.64894796,28.65,,
GHED_GGHE-DCHE_SHA2011,Domestic general government health expenditure (GGHE-D) as percentage of current health expenditure (CHE) (%),https://www.who.int/data/gho/data/indicators/indicator-details/GHO/domestic-general-government-health-expenditure-%28gche-d%29-as-percentage-of-current-health-expenditure,2019,2019,2019,AFR,Africa,KEN,Kenya,,,,45.97900772,45.98,,
GHED_GGHE-D_pc_US_SHA2011,Domestic general government health expenditure (GGHE-D) per capita in US$,https://www.who.int/data/gho/data/indicators/indicator-details/GHO/domestic-general-government-health-expenditure-%28gghe-d%29-per-capita-in-us,2005,2005,2005,AFR,Africa,KEN,Kenya,,,,8.23078961,8.23,,
GHED_OOP_pc_US_SHA2011,Out-of-pocket expenditure (OOP) per capita in US$,https://www.who.int/data/gho/data/indicators/indicator-details/GHO/out-of-pocket-expenditure-%28oop%29-per-capita-in-us,2014,2014,2014,AFR,Africa,KEN,Kenya,,,,21.28688298,21.29,,
GHED_GGHE-DCHE_SHA2011,Domestic general government health expenditure (GGHE-D) as percentage of current health expenditure (CHE) (%),https://www.who.int/data/gho/data/indicators/indicator-details/GHO/domestic-general-government-health-expenditure-%28gche-d%29-as-percentage-of-current-health-expenditure,2003,2003,2003,AFR,Africa,KEN,Kenya,,,,27.87888336,27.88,,
GHED_CHEGDP_SHA2011,Current health expenditure (CHE) as percentage of gross domestic product (GDP) (%),https://www.who.int/data/gho/data/indicators/indicator-details/GHO/current-health-expenditure-%28che%29-as-percentage-of-gross-domestic-product-%28gdp%29-%28-%29,2016,2016,2016,AFR,Africa,KEN,Kenya,,,,4.75429106,4.75,,
GHED_GGHE-DGGE_SHA2011,Domestic general government health expenditure (GGHE-D) as percentage of general government expenditure (GGE) (%),https://www.who.int/data/gho/data/indicators/indicator-details/GHO/domestic-general-government-health-expenditure-%28gghe-d%29-as-percentage-of-general-government-expenditure-%28gge%29,2008,2008,2008,AFR,Africa,KEN,Kenya,,,,7.17080498,7.17,,
GHED_GGHE-D_pc_US_SHA2011,Domestic general government health expenditure (GGHE-D) per capita in US$,https://www.who.int/data/gho/data/indicators/indicator-details/GHO/domestic-general-government-health-expenditure-%28gghe-d%29-per-capita-in-us,2003,2003,2003,AFR,Africa,KEN,Kenya,,,,7.14817998,7.15,,
GHED_GGHE-DGDP_SHA2011,Domestic general government health expenditure (GGHE-D) as percentage of gross domestic product (GDP) (%),https://www.who.int/data/gho/data/indicators/indicator-details/GHO/domestic-general-government-health-expenditure-%28gghe-d%29-as-percentage-of-gross-domestic-product-%28gdp%29-%28-%29,2014,2014,2014,AFR,Africa,KEN,Kenya,,,,1.83768213,1.84,,
GHED_PVT-D_pc_US_SHA2011,Domestic private health expenditure (PVT-D) per capita in US$,https://www.who.int/data/gho/data/indicators/indicator-details/GHO/domestic-private-health-expenditure-%28pvt-d%29-per-capita-in-usd,2011,2011,2011,AFR,Africa,KEN,Kenya,,,,24.41264909,24.41,,
GHED_GGHE-DCHE_SHA2011,Domestic general government health expenditure (GGHE-D) as percentage of current health expenditure (CHE) (%),https://www.who.int/data/gho/data/indicators/indicator-details/GHO/domestic-general-government-health-expenditure-%28gche-d%29-as-percentage-of-current-health-expenditure,2005,2005,2005,AFR,Africa,KEN,Kenya,,,,26.55578232,26.56,,
GHED_EXT_pc_US_SHA2011,External health expenditure (EXT) per capita in US$,https://www.who.int/data/gho/data/indicators/indicator-details/GHO/external-health-expenditure-%28ext%29-per-capita-in-us,2023,2023,2023,AFR,Africa,KEN,Kenya,,,,17.10824719,17.11,,
GHED_GGHE-DCHE_SHA2011,Domestic general government health expenditure (GGHE-D) as percentage of current health expenditure (CHE) (%),https://www.who.int/data/gho/data/indicators/indicator-details/GHO/domestic-general-government-health-expenditure-%28gche-d%29-as-percentage-of-current-health-expenditure,2020,2020,2020,AFR,Africa,KEN,Kenya,,,,49.19530487,49.20,,
GHED_GGHE-DGDP_SHA2011,Domestic general government health expenditure (GGHE-D) as percentage of gross domestic product (GDP) (%),https://www.who.int/data/gho/data/indicators/indicator-details/GHO/domestic-general-government-health-expenditure-%28gghe-d%29-as-percentage-of-gross-domestic-product-%28gdp%29-%28-%29,2015,2015,2015,AFR,Africa,KEN,Kenya,,,,1.92388499,1.92,,
GHED_GGHE-DGGE_SHA2011,Domestic general government health expenditure (GGHE-D) as percentage of general government expenditure (GGE) (%),https://www.who.int/data/gho/data/indicators/indicator-details/GHO/domestic-general-government-health-expenditure-%28gghe-d%29-as-percentage-of-general-government-expenditure-%28gge%29,2004,2004,2004,AFR,Africa,KEN,Kenya,,,,6.9893775,6.99,,
GHED_PVT-D_pc_US_SHA2011,Domestic private health expenditure (PVT-D) per capita in US$,https://www.who.int/data/gho/data/indicators/indicator-details/GHO/domestic-private-health-expenditure-%28pvt-d%29-per-capita-in-usd,2007,2007,2007,AFR,Africa,KEN,Kenya,,,,22.82503636,22.83,,
GHED_OOP_pc_US_SHA2011,Out-of-pocket expenditure (OOP) per capita in US$,https://www.who.int/data/gho/data/indicators/indicator-details/GHO/out-of-pocket-expenditure-%28oop%29-per-capita-in-us,2023,2023,2023,AFR,Africa,KEN,Kenya,,,,20.5988635,20.60,,
GHED_GGHE-DCHE_SHA2011,Domestic general government health expenditure (GGHE-D) as percentage of current health expenditure (CHE) (%),https://www.who.int/data/gho/data/indicators/indicator-details/GHO/domestic-general-government-health-expenditure-%28gche-d%29-as-percentage-of-current-health-expenditure,2023,2023,2023,AFR,Africa,KEN,Kenya,,,,44.90883636,44.91,,
GHED_PVT-D_pc_US_SHA2011,Domestic private health expenditure (PVT-D) per capita in US$,https://www.who.int/data/gho/data/indicators/indicator-details/GHO/domestic-private-health-expenditure-%28pvt-d%29-per-capita-in-usd,2015,2015,2015,AFR,Africa,KEN,Kenya,,,,29.58435432,29.58,,
GHED_GGHE-DGDP_SHA2011,Domestic general government health expenditure (GGHE-D) as percentage of gross domestic product (GDP) (%),https://www.who.int/data/gho/data/indicators/indicator-details/GHO/domestic-general-government-health-expenditure-%28gghe-d%29-as-percentage-of-gross-domestic-product-%28gdp%29-%28-%29,2000,2000,2000,AFR,Africa,KEN,Kenya,,,,0.99913371,1.00,,
GHED_GGHE-D_pc_US_SHA2011,Domestic general government health expenditure (GGHE-D) per capita in US$,https://www.who.int/data/gho/data/indicators/indicator-details/GHO/domestic-general-government-health-expenditure-%28gghe-d%29-per-capita-in-us,2019,2019,2019,AFR,Africa,KEN,Kenya,,,,39.37885207,39.38,,
GHED_GGHE-DCHE_SHA2011,Domestic general government health expenditure (GGHE-D) as percentage of current health expenditure (CHE) (%),https://www.who.int/data/gho/data/indicators/indicator-details/GHO/domestic-general-government-health-expenditure-%28gche-d%29-as-percentage-of-current-health-expenditure,2006,2006,2006,AFR,Africa,KEN,Kenya,,,,23.52347374,23.52,,
GHED_EXT_pc_US_SHA2011,External health expenditure (EXT) per capita in US$,https://www.who.int/data/gho/data/indicators/indicator-details/GHO/external-health-expenditure-%28ext%29-per-capita-in-us,2003,2003,2003,AFR,Africa,KEN,Kenya,,,,4.30269424,4.30,,
GHED_CHEGDP_SHA2011,Current health expenditure (CHE) as percentage of gross domestic product (GDP) (%),https://www.who.int/data/gho/data/indicators/indicator-details/GHO/current-health-expenditure-%28che%29-as-percentage-of-gross-domestic-product-%28gdp%29-%28-%29,2018,2018,2018,AFR,Africa,KEN,Kenya,,,,4.09903383,4.10,,
GHED_PVT-D_pc_US_SHA2011,Domestic private health expenditure (PVT-D) per capita in US$,https://www.who.int/data/gho/data/indicators/indicator-details/GHO/domestic-private-health-expenditure-%28pvt-d%29-per-capita-in-usd,2013,2013,2013,AFR,Africa,KEN,Kenya,,,,29.51969693,29.52,,
GHED_EXTCHE_SHA2011,External health expenditure (EXT) as percentage of current health expenditure (CHE) (%),https://www.who.int/data/gho/data/indicators/indicator-details/GHO/external-health-expenditure-%28ext%29-as-percentage-of-current-health-expenditure-%28che%29-%28-%29,2020,2020,2020,AFR,Africa,KEN,Kenya,,,,17.16178513,17.16,,
GHED_CHE_pc_US_SHA2011,Current health expenditure (CHE) per capita in US$,https://www.who.int/data/gho/data/indicators/indicator-details/GHO/current-health-expenditure-%28che%29-per-capita-in-us-dollar,2005,2005,2005,AFR,Africa,KEN,Kenya,,,,30.9943428,30.99,,
GHED_CHE_pc_US_SHA2011,Current health expenditure (CHE) per capita in US$,https://www.who.int/data/gho/data/indicators/indicator-details/GHO/current-health-expenditure-%28che%29-per-capita-in-us-dollar,2000,2000,2000,AFR,Africa,KEN,Kenya,,,,21.53400993,21.53,,
GHED_GGHE-DGGE_SHA2011,Domestic general government health expenditure (GGHE-D) as percentage of general government expenditure (GGE) (%),https://www.who.int/data/gho/data/indicators/indicator-details/GHO/domestic-general-government-health-expenditure-%28gghe-d%29-as-percentage-of-general-government-expenditure-%28gge%29,2018,2018,2018,AFR,Africa,KEN,Kenya,,,,7.21874523,7.22,,
GHED_CHEGDP_SHA2011,Current health expenditure (CHE) as percentage of gross domestic product (GDP) (%),https://www.who.int/data/gho/data/indicators/indicator-details/GHO/current-health-expenditure-%28che%29-as-percentage-of-gross-domestic-product-%28gdp%29-%28-%29,2023,2023,2023,AFR,Africa,KEN,Kenya,,,,4.35172892,4.35,,
GHED_CHE_pc_US_SHA2011,Current health expenditure (CHE) per capita in US$,https://www.who.int/data/gho/data/indicators/indicator-details/GHO/current-health-expenditure-%28che%29-per-capita-in-us-dollar,2011,2011,2011,AFR,Africa,KEN,Kenya,,,,57.02286911,57.02,,
GHED_OOPSCHE_SHA2011,Out-of-pocket expenditure as percentage of current health expenditure (CHE) (%),https://www.who.int/data/gho/data/indicators/indicator-details/GHO/out-of-pocket-expenditure-as-percentage-of-current-health-expenditure-%28che%29-%28-%29,2017,2017,2017,AFR,Africa,KEN,Kenya,,,,23.28059959,23.28,,
GHED_GGHE-DCHE_SHA2011,Domestic general government health expenditure (GGHE-D) as percentage of current health expenditure (CHE) (%),https://www.who.int/data/gho/data/indicators/indicator-details/GHO/domestic-general-government-health-expenditure-%28gche-d%29-as-percentage-of-current-health-expenditure,2008,2008,2008,AFR,Africa,KEN,Kenya,,,,26.13231087,26.13,,
GHED_EXT_pc_US_SHA2011,External health expenditure (EXT) per capita in US$,https://www.who.int/data/gho/data/indicators/indicator-details/GHO/external-health-expenditure-%28ext%29-per-capita-in-us,2017,2017,2017,AFR,Africa,KEN,Kenya,,,,14.0154042,14.02,,
GHED_PVT-D_pc_US_SHA2011,Domestic private health expenditure (PVT-D) per capita in US$,https://www.who.int/data/gho/data/indicators/indicator-details/GHO/domestic-private-health-expenditure-%28pvt-d%29-per-capita-in-usd,2018,2018,2018,AFR,Africa,KEN,Kenya,,,,26.1478668,26.15,,
GHED_PVT-D_pc_US_SHA2011,Domestic private health expenditure (PVT-D) per capita in US$,https://www.who.int/data/gho/data/indicators/indicator-details/GHO/domestic-private-health-expenditure-%28pvt-d%29-per-capita-in-usd,2016,2016,2016,AFR,Africa,KEN,Kenya,,,,30.28233061,30.28,,
GHED_OOPSCHE_SHA2011,Out-of-pocket expenditure as percentage of current health expenditure (CHE) (%),https://www.who.int/data/gho/data/indicators/indicator-details/GHO/out-of-pocket-expenditure-as-percentage-of-current-health-expenditure-%28che%29-%28-%29,2006,2006,2006,AFR,Africa,KEN,Kenya,,,,39.19218826,39.19,,
GHED_GGHE-DGDP_SHA2011,Domestic general government health expenditure (GGHE-D) as percentage of gross domestic product (GDP) (%),https://www.who.int/data/gho/data/indicators/indicator-details/GHO/domestic-general-government-health-expenditure-%28gghe-d%29-as-percentage-of-gross-domestic-product-%28gdp%29-%28-%29,2016,2016,2016,AFR,Africa,KEN,Kenya,,,,2.03529072,2.04,,
GHED_GGHE-D_pc_US_SHA2011,Domestic general government health expenditure (GGHE-D) per capita in US$,https://www.who.int/data/gho/data/indicators/indicator-details/GHO/domestic-general-government-health-expenditure-%28gghe-d%29-per-capita-in-us,2022,2022,2022,AFR,Africa,KEN,Kenya,,,,42.26814462,42.27,,
GHED_PVT-DCHE_SHA2011,Domestic private health expenditure (PVT-D) as percentage of current health expenditure (CHE) (%),https://www.who.int/data/gho/data/indicators/indicator-details/GHO/domestic-private-health-expenditure-%28pvt-d%29-as-percentage-of-current-health-expenditure-%28che%29-%28-%29,2016,2016,2016,AFR,Africa,KEN,Kenya,,,,40.98427963,40.98,,
GHED_OOPSCHE_SHA2011,Out-of-pocket expenditure as percentage of current health expenditure (CHE) (%),https://www.who.int/data/gho/data/indicators/indicator-details/GHO/out-of-pocket-expenditure-as-percentage-of-current-health-expenditure-%28che%29-%28-%29,2007,2007,2007,AFR,Africa,KEN,Kenya,,,,36.45011902,36.45,,
GHED_GGHE-D_pc_US_SHA2011,Domestic general government health expenditure (GGHE-D) per capita in US$,https://www.who.int/data/gho/data/indicators/indicator-details/GHO/domestic-general-government-health-expenditure-%28gghe-d%29-per-capita-in-us,2000,2000,2000,AFR,Africa,KEN,Kenya,,,,5.93606644,5.94,,
GHED_GGHE-DGGE_SHA2011,Domestic general government health expenditure (GGHE-D) as percentage of general government expenditure (GGE) (%),https://www.who.int/data/gho/data/indicators/indicator-details/GHO/domestic-general-government-health-expenditure-%28gghe-d%29-as-percentage-of-general-government-expenditure-%28gge%29,2020,2020,2020,AFR,Africa,KEN,Kenya,,,,8.91046047,8.91,,
GHED_PVT-D_pc_US_SHA2011,Domestic private health expenditure (PVT-D) per capita in US$,https://www.who.int/data/gho/data/indicators/indicator-details/GHO/domestic-private-health-expenditure-%28pvt-d%29-per-capita-in-usd,2012,2012,2012,AFR,Africa,KEN,Kenya,,,,27.90883246,27.91,,
GHED_CHEGDP_SHA2011,Current health expenditure (CHE) as percentage of gross domestic product (GDP) (%),https://www.who.int/data/gho/data/indicators/indicator-details/GHO/current-health-expenditure-%28che%29-as-percentage-of-gross-domestic-product-%28gdp%29-%28-%29,2020,2020,2020,AFR,Africa,KEN,Kenya,,,,4.49248886,4.49,,
GHED_GGHE-DGDP_SHA2011,Domestic general government health expenditure (GGHE-D) as percentage of gross domestic product (GDP) (%),https://www.who.int/data/gho/data/indicators/indicator-details/GHO/domestic-general-government-health-expenditure-%28gghe-d%29-as-percentage-of-gross-domestic-product-%28gdp%29-%28-%29,2004,2004,2004,AFR,Africa,KEN,Kenya,,,,1.07972252,1.08,,
GHED_CHEGDP_SHA2011,Current health expenditure (CHE) as percentage of gross domestic product (GDP) (%),https://www.who.int/data/gho/data/indicators/indicator-details/GHO/current-health-expenditure-%28che%29-as-percentage-of-gross-domestic-product-%28gdp%29-%28-%29,2015,2015,2015,AFR,Africa,KEN,Kenya,,,,4.76439571,4.76,,
GHED_OOP_pc_US_SHA2011,Out-of-pocket expenditure (OOP) per capita in US$,https://www.who.int/data/gho/data/indicators/indicator-details/GHO/out-of-pocket-expenditure-%28oop%29-per-capita-in-us,2019,2019,2019,AFR,Africa,KEN,Kenya,,,,20.81160169,20.81,,
GHED_CHE_pc_US_SHA2011,Current health expenditure (CHE) per capita in US$,https://www.who.int/data/gho/data/indicators/indicator-details/GHO/current-health-expenditure-%28che%29-per-capita-in-us-dollar,2012,2012,2012,AFR,Africa,KEN,Kenya,,,,64.48231506,64.48,,
GHED_GGHE-DGGE_SHA2011,Domestic general government health expenditure (GGHE-D) as percentage of general government expenditure (GGE) (%),https://www.who.int/data/gho/data/indicators/indicator-details/GHO/domestic-general-government-health-expenditure-%28gghe-d%29-as-percentage-of-general-government-expenditure-%28gge%29,2023,2023,2023,AFR,Africa,KEN,Kenya,,,,8.65115547,8.65,,
GHED_PVT-DCHE_SHA2011,Domestic private health expenditure (PVT-D) as percentage of current health expenditure (CHE) (%),https://www.who.int/data/gho/data/indicators/indicator-details/GHO/domestic-private-health-expenditure-%28pvt-d%29-as-percentage-of-current-health-expenditure-%28che%29-%28-%29,2007,2007,2007,AFR,Africa,KEN,Kenya,,,,46.16149521,46.16,,
GHED_EXT_pc_US_SHA2011,External health expenditure (EXT) per capita in US$,https://www.who.int/data/gho/data/indicators/indicator-details/GHO/external-health-expenditure-%28ext%29-per-capita-in-us,2012,2012,2012,AFR,Africa,KEN,Kenya,,,,15.67615744,15.68,,
GHED_GGHE-D_pc_US_SHA2011,Domestic general government health expenditure (GGHE-D) per capita in US$,https://www.who.int/data/gho/data/indicators/indicator-details/GHO/domestic-general-government-health-expenditure-%28gghe-d%29-per-capita-in-us,2017,2017,2017,AFR,Africa,KEN,Kenya,,,,28.54007223,28.54,,
GHED_PVT-DCHE_SHA2011,Domestic private health expenditure (PVT-D) as percentage of current health expenditure (CHE) (%),https://www.who.int/data/gho/data/indicators/indicator-details/GHO/domestic-private-health-expenditure-%28pvt-d%29-as-percentage-of-current-health-expenditure-%28che%29-%28-%29,2019,2019,2019,AFR,Africa,KEN,Kenya,,,,35.51103973,35.51,,
GHED_EXTCHE_SHA2011,External health expenditure (EXT) as percentage of current health expenditure (CHE) (%),https://www.who.int/data/gho/data/indicators/indicator-details/GHO/external-health-expenditure-%28ext%29-as-percentage-of-current-health-expenditure-%28che%29-%28-%29,2007,2007,2007,AFR,Africa,KEN,Kenya,,,,29.00333977,29.00,,
GHED_GGHE-DCHE_SHA2011,Domestic general government health expenditure (GGHE-D) as percentage of current health expenditure (CHE) (%),https://www.who.int/data/gho/data/indicators/indicator-details/GHO/domestic-general-government-health-expenditure-%28gche-d%29-as-percentage-of-current-health-expenditure,2015,2015,2015,AFR,Africa,KEN,Kenya,,,,40.38045883,40.38,,
GHED_CHE_pc_US_SHA2011,Current health expenditure (CHE) per capita in US$,https://www.who.int/data/gho/data/indicators/indicator-details/GHO/current-health-expenditure-%28che%29-per-capita-in-us-dollar,2014,2014,2014,AFR,Africa,KEN,Kenya,,,,72.84589386,72.85,,
GHED_CHE_pc_US_SHA2011,Current health expenditure (CHE) per capita in US$,https://www.who.int/data/gho/data/indicators/indicator-details/GHO/current-health-expenditure-%28che%29-per-capita-in-us-dollar,2016,2016,2016,AFR,Africa,KEN,Kenya,,,,73.88768005,73.89,,
GHED_GGHE-D_pc_US_SHA2011,Domestic general government health expenditure (GGHE-D) per capita in US$,https://www.who.int/data/gho/data/indicators/indicator-details/GHO/domestic-general-government-health-expenditure-%28gghe-d%29-per-capita-in-us,2004,2004,2004,AFR,Africa,KEN,Kenya,,,,7.088611,7.09,,
GHED_GGHE-DGDP_SHA2011,Domestic general government health expenditure (GGHE-D) as percentage of gross domestic product (GDP) (%),https://www.who.int/data/gho/data/indicators/indicator-details/GHO/domestic-general-government-health-expenditure-%28gghe-d%29-as-percentage-of-gross-domestic-product-%28gdp%29-%28-%29,2008,2008,2008,AFR,Africa,KEN,Kenya,,,,1.35639918,1.36,,
GHED_GGHE-DGGE_SHA2011,Domestic general government health expenditure (GGHE-D) as percentage of general government expenditure (GGE) (%),https://www.who.int/data/gho/data/indicators/indicator-details/GHO/domestic-general-government-health-expenditure-%28gghe-d%29-as-percentage-of-general-government-expenditure-%28gge%29,2012,2012,2012,AFR,Africa,KEN,Kenya,,,,7.35927916,7.36,,
GHED_OOPSCHE_SHA2011,Out-of-pocket expenditure as percentage of current health expenditure (CHE) (%),https://www.who.int/data/gho/data/indicators/indicator-details/GHO/out-of-pocket-expenditure-as-percentage-of-current-health-expenditure-%28che%29-%28-%29,2001,2001,2001,AFR,Africa,KEN,Kenya,,,,46.3978653,46.40,,
GHED_PVT-D_pc_US_SHA2011,Domestic private health expenditure (PVT-D) per capita in US$,https://www.who.int/data/gho/data/indicators/indicator-details/GHO/domestic-private-health-expenditure-%28pvt-d%29-per-capita-in-usd,2005,2005,2005,AFR,Africa,KEN,Kenya,,,,16.89860045,16.90,,
GHED_CHEGDP_SHA2011,Current health expenditure (CHE) as percentage of gross domestic product (GDP) (%),https://www.who.int/data/gho/data/indicators/indicator-details/GHO/current-health-expenditure-%28che%29-as-percentage-of-gross-domestic-product-%28gdp%29-%28-%29,2017,2017,2017,AFR,Africa,KEN,Kenya,,,,3.98597503,3.99,,
GHED_GGHE-DGGE_SHA2011,Domestic general government health expenditure (GGHE-D) as percentage of general government expenditure (GGE) (%),https://www.who.int/data/gho/data/indicators/indicator-details/GHO/domestic-general-government-health-expenditure-%28gghe-d%29-as-percentage-of-general-government-expenditure-%28gge%29,2000,2000,2000,AFR,Africa,KEN,Kenya,,,,7.08898258,7.09,,
GHED_OOPSCHE_SHA2011,Out-of-pocket expenditure as percentage of current health expenditure (CHE) (%),https://www.who.int/data/gho/data/indicators/indicator-details/GHO/out-of-pocket-expenditure-as-percentage-of-current-health-expenditure-%28che%29-%28-%29,2000,2000,2000,AFR,Africa,KEN,Kenya,,,,47.33139801,47.33,,
GHED_EXT_pc_US_SHA2011,External health expenditure (EXT) per capita in US$,https://www.who.int/data/gho/data/indicators/indicator-details/GHO/external-health-expenditure-%28ext%29-per-capita-in-us,2005,2005,2005,AFR,Africa,KEN,Kenya,,,,5.8649516,5.86,,
GHED_EXTCHE_SHA2011,External health expenditure (EXT) as percentage of current health expenditure (CHE) (%),https://www.who.int/data/gho/data/indicators/indicator-details/GHO/external-health-expenditure-%28ext%29-as-percentage-of-current-health-expenditure-%28che%29-%28-%29,2019,2019,2019,AFR,Africa,KEN,Kenya,,,,18.50995064,18.51,,
GHED_GGHE-DCHE_SHA2011,Domestic general government health expenditure (GGHE-D) as percentage of current health expenditure (CHE) (%),https://www.who.int/data/gho/data/indicators/indicator-details/GHO/domestic-general-government-health-expenditure-%28gche-d%29-as-percentage-of-current-health-expenditure,2022,2022,2022,AFR,Africa,KEN,Kenya,,,,46.35469818,46.35,,
GHED_CHE_pc_US_SHA2011,Current health expenditure (CHE) per capita in US$,https://www.who.int/data/gho/data/indicators/indicator-details/GHO/current-health-expenditure-%28che%29-per-capita-in-us-dollar,2002,2002,2002,AFR,Africa,KEN,Kenya,,,,22.28772163,22.29,,
GHED_OOP_pc_US_SHA2011,Out-of-pocket expenditure (OOP) per capita in US$,https://www.who.int/data/gho/data/indicators/indicator-details/GHO/out-of-pocket-expenditure-%28oop%29-per-capita-in-us,2002,2002,2002,AFR,Africa,KEN,Kenya,,,,9.94593833,9.95,,
GHED_CHEGDP_SHA2011,Current health expenditure (CHE) as percentage of gross domestic product (GDP) (%),https://www.who.int/data/gho/data/indicators/indicator-details/GHO/current-health-expenditure-%28che%29-as-percentage-of-gross-domestic-product-%28gdp%29-%28-%29,2014,2014,2014,AFR,Africa,KEN,Kenya,,,,4.91267347,4.91,,
GHED_EXTCHE_SHA2011,External health expenditure (EXT) as percentage of current health expenditure (CHE) (%),https://www.who.int/data/gho/data/indicators/indicator-details/GHO/external-health-expenditure-%28ext%29-as-percentage-of-current-health-expenditure-%28che%29-%28-%29,2009,2009,2009,AFR,Africa,KEN,Kenya,,,,29.58448029,29.58,,
GHED_GGHE-DCHE_SHA2011,Domestic general government health expenditure (GGHE-D) as percentage of current health expenditure (CHE) (%),https://www.who.int/data/gho/data/indicators/indicator-details/GHO/domestic-general-government-health-expenditure-%28gche-d%29-as-percentage-of-current-health-expenditure,2021,2021,2021,AFR,Africa,KEN,Kenya,,,,48.77993393,48.78,,
GHED_EXTCHE_SHA2011,External health expenditure (EXT) as percentage of current health expenditure (CHE) (%),https://www.who.int/data/gho/data/indicators/indicator-details/GHO/external-health-expenditure-%28ext%29-as-percentage-of-current-health-expenditure-%28che%29-%28-%29,2013,2013,2013,AFR,Africa,KEN,Kenya,,,,22.64751053,22.65,,
GHED_GGHE-DGGE_SHA2011,Domestic general government health expenditure (GGHE-D) as percentage of general government expenditure (GGE) (%),https://www.who.int/data/gho/data/indicators/indicator-details/GHO/domestic-general-government-health-expenditure-%28gghe-d%29-as-percentage-of-general-government-expenditure-%28gge%29,2019,2019,2019,AFR,Africa,KEN,Kenya,,,,8.22723579,8.23,,
GHED_EXTCHE_SHA2011,External health expenditure (EXT) as percentage of current health expenditure (CHE) (%),https://www.who.int/data/gho/data/indicators/indicator-details/GHO/external-health-expenditure-%28ext%29-as-percentage-of-current-health-expenditure-%28che%29-%28-%29,2014,2014,2014,AFR,Africa,KEN,Kenya,,,,20.01926231,20.02,,
GHED_EXTCHE_SHA2011,External health expenditure (EXT) as percentage of current health expenditure (CHE) (%),https://www.who.int/data/gho/data/indicators/indicator-details/GHO/external-health-expenditure-%28ext%29-as-percentage-of-current-health-expenditure-%28che%29-%28-%29,2017,2017,2017,AFR,Africa,KEN,Kenya,,,,21.08673096,21.09,,
GHED_OOP_pc_US_SHA2011,Out-of-pocket expenditure (OOP) per capita in US$,https://www.who.int/data/gho/data/indicators/indicator-details/GHO/out-of-pocket-expenditure-%28oop%29-per-capita-in-us,2005,2005,2005,AFR,Africa,KEN,Kenya,,,,14.01769428,14.02,,
GHED_GGHE-DCHE_SHA2011,Domestic general government health expenditure (GGHE-D) as percentage of current health expenditure (CHE) (%),https://www.who.int/data/gho/data/indicators/indicator-details/GHO/domestic-general-government-health-expenditure-%28gche-d%29-as-percentage-of-current-health-expenditure,2012,2012,2012,AFR,Africa,KEN,Kenya,,,,32.40784454,32.41,,
GHED_CHEGDP_SHA2011,Current health expenditure (CHE) as percentage of gross domestic product (GDP) (%),https://www.who.int/data/gho/data/indicators/indicator-details/GHO/current-health-expenditure-%28che%29-as-percentage-of-gross-domestic-product-%28gdp%29-%28-%29,2008,2008,2008,AFR,Africa,KEN,Kenya,,,,5.19050598,5.19,,
GHED_OOPSCHE_SHA2011,Out-of-pocket expenditure as percentage of current health expenditure (CHE) (%),https://www.who.int/data/gho/data/indicators/indicator-details/GHO/out-of-pocket-expenditure-as-percentage-of-current-health-expenditure-%28che%29-%28-%29,2022,2022,2022,AFR,Africa,KEN,Kenya,,,,24.00988579,24.01,,
GHED_CHE_pc_US_SHA2011,Current health expenditure (CHE) per capita in US$,https://www.who.int/data/gho/data/indicators/indicator-details/GHO/current-health-expenditure-%28che%29-per-capita-in-us-dollar,2010,2010,2010,AFR,Africa,KEN,Kenya,,,,58.8164711,58.82,,
GHED_EXT_pc_US_SHA2011,External health expenditure (EXT) per capita in US$,https://www.who.int/data/gho/data/indicators/indicator-details/GHO/external-health-expenditure-%28ext%29-per-capita-in-us,2008,2008,2008,AFR,Africa,KEN,Kenya,,,,15.77750939,15.78,,
GHED_OOPSCHE_SHA2011,Out-of-pocket expenditure as percentage of current health expenditure (CHE) (%),https://www.who.int/data/gho/data/indicators/indicator-details/GHO/out-of-pocket-expenditure-as-percentage-of-current-health-expenditure-%28che%29-%28-%29,2010,2010,2010,AFR,Africa,KEN,Kenya,,,,30.17857361,30.18,,
GHED_EXT_pc_US_SHA2011,External health expenditure (EXT) per capita in US$,https://www.who.int/data/gho/data/indicators/indicator-details/GHO/external-health-expenditure-%28ext%29-per-capita-in-us,2019,2019,2019,AFR,Africa,KEN,Kenya,,,,15.85290048,15.85,,
GHED_EXT_pc_US_SHA2011,External health expenditure (EXT) per capita in US$,https://www.who.int/data/gho/data/indicators/indicator-details/GHO/external-health-expenditure-%28ext%29-per-capita-in-us,2007,2007,2007,AFR,Africa,KEN,Kenya,,,,14.34100627,14.34,,
GHED_EXT_pc_US_SHA2011,External health expenditure (EXT) per capita in US$,https://www.who.int/data/gho/data/indicators/indicator-details/GHO/external-health-expenditure-%28ext%29-per-capita-in-us,2014,2014,2014,AFR,Africa,KEN,Kenya,,,,14.58321082,14.58,,
GHED_GGHE-DCHE_SHA2011,Domestic general government health expenditure (GGHE-D) as percentage of current health expenditure (CHE) (%),https://www.who.int/data/gho/data/indicators/indicator-details/GHO/domestic-general-government-health-expenditure-%28gche-d%29-as-percentage-of-current-health-expenditure,2004,2004,2004,AFR,Africa,KEN,Kenya,,,,25.63690376,25.64,,
GHED_GGHE-D_pc_US_SHA2011,Domestic general government health expenditure (GGHE-D) per capita in US$,https://www.who.int/data/gho/data/indicators/indicator-details/GHO/domestic-general-government-health-expenditure-%28gghe-d%29-per-capita-in-us,2009,2009,2009,AFR,Africa,KEN,Kenya,,,,15.29922611,15.30,,
GHED_GGHE-D_pc_US_SHA2011,Domestic general government health expenditure (GGHE-D) per capita in US$,https://www.who.int/data/gho/data/indicators/indicator-details/GHO/domestic-general-government-health-expenditure-%28gghe-d%29-per-capita-in-us,2010,2010,2010,AFR,Africa,KEN,Kenya,,,,17.03454118,17.03,,
GHED_CHE_pc_US_SHA2011,Current health expenditure (CHE) per capita in US$,https://www.who.int/data/gho/data/indicators/indicator-details/GHO/current-health-expenditure-%28che%29-per-capita-in-us-dollar,2022,2022,2022,AFR,Africa,KEN,Kenya,,,,91.18416595,91.18,,
GHED_CHE_pc_US_SHA2011,Current health expenditure (CHE) per capita in US$,https://www.who.int/data/gho/data/indicators/indicator-details/GHO/current-health-expenditure-%28che%29-per-capita-in-us-dollar,2001,2001,2001,AFR,Africa,KEN,Kenya,,,,22.11487579,22.11,,
GHED_EXT_pc_US_SHA2011,External health expenditure (EXT) per capita in US$,https://www.who.int/data/gho/data/indicators/indicator-details/GHO/external-health-expenditure-%28ext%29-per-capita-in-us,2016,2016,2016,AFR,Africa,KEN,Kenya,,,,11.97436361,11.97,,
GHED_CHEGDP_SHA2011,Current health expenditure (CHE) as percentage of gross domestic product (GDP) (%),https://www.who.int/data/gho/data/indicators/indicator-details/GHO/current-health-expenditure-%28che%29-as-percentage-of-gross-domestic-product-%28gdp%29-%28-%29,2013,2013,2013,AFR,Africa,KEN,Kenya,,,,4.93100405,4.93,,
GHED_GGHE-D_pc_US_SHA2011,Domestic general government health expenditure (GGHE-D) per capita in US$,https://www.who.int/data/gho/data/indicators/indicator-details/GHO/domestic-general-government-health-expenditure-%28gghe-d%29-per-capita-in-us,2008,2008,2008,AFR,Africa,KEN,Kenya,,,,14.20469416,14.20,,
GHED_GGHE-DGDP_SHA2011,Domestic general government health expenditure (GGHE-D) as percentage of gross domestic product (GDP) (%),https://www.who.int/data/gho/data/indicators/indicator-details/GHO/domestic-general-government-health-expenditure-%28gghe-d%29-as-percentage-of-gross-domestic-product-%28gdp%29-%28-%29,2017,2017,2017,AFR,Africa,KEN,Kenya,,,,1.71156442,1.71,,
GHED_CHE_pc_US_SHA2011,Current health expenditure (CHE) per capita in US$,https://www.who.int/data/gho/data/indicators/indicator-details/GHO/current-health-expenditure-%28che%29-per-capita-in-us-dollar,2006,2006,2006,AFR,Africa,KEN,Kenya,,,,40.3040123,40.30,,
GHED_GGHE-D_pc_US_SHA2011,Domestic general government health expenditure (GGHE-D) per capita in US$,https://www.who.int/data/gho/data/indicators/indicator-details/GHO/domestic-general-government-health-expenditure-%28gghe-d%29-per-capita-in-us,2016,2016,2016,AFR,Africa,KEN,Kenya,,,,31.63098322,31.63,,
GHED_GGHE-DGGE_SHA2011,Domestic general government health expenditure (GGHE-D) as percentage of general government expenditure (GGE) (%),https://www.who.int/data/gho/data/indicators/indicator-details/GHO/domestic-general-government-health-expenditure-%28gghe-d%29-as-percentage-of-general-government-expenditure-%28gge%29,2009,2009,2009,AFR,Africa,KEN,Kenya,,,,7.2007761,7.20,,
GHED_CHE_pc_US_SHA2011,Current health expenditure (CHE) per capita in US$,https://www.who.int/data/gho/data/indicators/indicator-details/GHO/current-health-expenditure-%28che%29-per-capita-in-us-dollar,2018,2018,2018,AFR,Africa,KEN,Kenya,,,,75.27681732,75.28,,
GHED_GGHE-DGGE_SHA2011,Domestic general government health expenditure (GGHE-D) as percentage of general government expenditure (GGE) (%),https://www.who.int/data/gho/data/indicators/indicator-details/GHO/domestic-general-government-health-expenditure-%28gghe-d%29-as-percentage-of-general-government-expenditure-%28gge%29,2015,2015,2015,AFR,Africa,KEN,Kenya,,,,8.07448006,8.07,,
GHED_EXTCHE_SHA2011,External health expenditure (EXT) as percentage of current health expenditure (CHE) (%),https://www.who.int/data/gho/data/indicators/indicator-details/GHO/external-health-expenditure-%28ext%29-as-percentage-of-current-health-expenditure-%28che%29-%28-%29,2010,2010,2010,AFR,Africa,KEN,Kenya,,,,28.80493546,28.80,,
GHED_EXT_pc_US_SHA2011,External health expenditure (EXT) per capita in US$,https://www.who.int/data/gho/data/indicators/indicator-details/GHO/external-health-expenditure-%28ext%29-per-capita-in-us,2000,2000,2000,AFR,Africa,KEN,Kenya,,,,2.99120703,2.99,,
GHED_OOP_pc_US_SHA2011,Out-of-pocket expenditure (OOP) per capita in US$,https://www.who.int/data/gho/data/indicators/indicator-details/GHO/out-of-pocket-expenditure-%28oop%29-per-capita-in-us,2015,2015,2015,AFR,Africa,KEN,Kenya,,,,19.08348321,19.08,,
GHED_GGHE-DGDP_SHA2011,Domestic general government health expenditure (GGHE-D) as percentage of gross domestic product (GDP) (%),https://www.who.int/data/gho/data/indicators/indicator-details/GHO/domestic-general-government-health-expenditure-%28gghe-d%29-as-percentage-of-gross-domestic-product-%28gdp%29-%28-%29,2002,2002,2002,AFR,Africa,KEN,Kenya,,,,1.10948944,1.11,,
GHED_PVT-DCHE_SHA2011,Domestic private health expenditure (PVT-D) as percentage of current health expenditure (CHE) (%),https://www.who.int/data/gho/data/indicators/indicator-details/GHO/domestic-private-health-expenditure-%28pvt-d%29-as-percentage-of-current-health-expenditure-%28che%29-%28-%29,2006,2006,2006,AFR,Africa,KEN,Kenya,,,,47.4756546,47.48,,
GHED_OOPSCHE_SHA2011,Out-of-pocket expenditure as percentage of current health expenditure (CHE) (%),https://www.who.int/data/gho/data/indicators/indicator-details/GHO/out-of-pocket-expenditure-as-percentage-of-current-health-expenditure-%28che%29-%28-%29,2013,2013,2013,AFR,Africa,KEN,Kenya,,,,32.13203049,32.13,,
GHED_CHEGDP_SHA2011,Current health expenditure (CHE) as percentage of gross domestic product (GDP) (%),https://www.who.int/data/gho/data/indicators/indicator-details/GHO/current-health-expenditure-%28che%29-as-percentage-of-gross-domestic-product-%28gdp%29-%28-%29,2006,2006,2006,AFR,Africa,KEN,Kenya,,,,5.0134387,5.01,,
GHED_OOPSCHE_SHA2011,Out-of-pocket expenditure as percentage of current health expenditure (CHE) (%),https://www.who.int/data/gho/data/indicators/indicator-details/GHO/out-of-pocket-expenditure-as-percentage-of-current-health-expenditure-%28che%29-%28-%29,2012,2012,2012,AFR,Africa,KEN,Kenya,,,,31.60435486,31.60,,
GHED_GGHE-DGDP_SHA2011,Domestic general government health expenditure (GGHE-D) as percentage of gross domestic product (GDP) (%),https://www.who.int/data/gho/data/indicators/indicator-details/GHO/domestic-general-government-health-expenditure-%28gghe-d%29-as-percentage-of-gross-domestic-product-%28gdp%29-%28-%29,2010,2010,2010,AFR,Africa,KEN,Kenya,,,,1.56062746,1.56,,
GHED_GGHE-D_pc_US_SHA2011,Domestic general government health expenditure (GGHE-D) per capita in US$,https://www.who.int/data/gho/data/indicators/indicator-details/GHO/domestic-general-government-health-expenditure-%28gghe-d%29-per-capita-in-us,2007,2007,2007,AFR,Africa,KEN,Kenya,,,,12.28001073,12.28,,
GHED_PVT-D_pc_US_SHA2011,Domestic private health expenditure (PVT-D) per capita in US$,https://www.who.int/data/gho/data/indicators/indicator-details/GHO/domestic-private-health-expenditure-%28pvt-d%29-per-capita-in-usd,2000,2000,2000,AFR,Africa,KEN,Kenya,,,,12.60673819,12.61,,
GHED_EXTCHE_SHA2011,External health expenditure (EXT) as percentage of current health expenditure (CHE) (%),https://www.who.int/data/gho/data/indicators/indicator-details/GHO/external-health-expenditure-%28ext%29-as-percentage-of-current-health-expenditure-%28che%29-%28-%29,2012,2012,2012,AFR,Africa,KEN,Kenya,,,,24.31078529,24.31,,
GHED_GGHE-DCHE_SHA2011,Domestic general government health expenditure (GGHE-D) as percentage of current health expenditure (CHE) (%),https://www.who.int/data/gho/data/indicators/indicator-details/GHO/domestic-general-government-health-expenditure-%28gche-d%29-as-percentage-of-current-health-expenditure,2007,2007,2007,AFR,Africa,KEN,Kenya,,,,24.83516884,24.84,,
GHED_PVT-DCHE_SHA2011,Domestic private health expenditure (PVT-D) as percentage of current health expenditure (CHE) (%),https://www.who.int/data/gho/data/indicators/indicator-details/GHO/domestic-private-health-expenditure-%28pvt-d%29-as-percentage-of-current-health-expenditure-%28che%29-%28-%29,2009,2009,2009,AFR,Africa,KEN,Kenya,,,,42.82728195,42.83,,
GHED_OOP_pc_US_SHA2011,Out-of-pocket expenditure (OOP) per capita in US$,https://www.who.int/data/gho/data/indicators/indicator-details/GHO/out-of-pocket-expenditure-%28oop%29-per-capita-in-us,2004,2004,2004,AFR,Africa,KEN,Kenya,,,,12.29570348,12.30,,
GHED_CHE_pc_US_SHA2011,Current health expenditure (CHE) per capita in US$,https://www.who.int/data/gho/data/indicators/indicator-details/GHO/current-health-expenditure-%28che%29-per-capita-in-us-dollar,2007,2007,2007,AFR,Africa,KEN,Kenya,,,,49.44605255,49.45,,
GHED_OOP_pc_US_SHA2011,Out-of-pocket expenditure (OOP) per capita in US$,https://www.who.int/data/gho/data/indicators/indicator-details/GHO/out-of-pocket-expenditure-%28oop%29-per-capita-in-us,2021,2021,2021,AFR,Africa,KEN,Kenya,,,,21.33874063,21.34,,
GHED_GGHE-DGDP_SHA2011,Domestic general government health expenditure (GGHE-D) as percentage of gross domestic product (GDP) (%),https://www.who.int/data/gho/data/indicators/indicator-details/GHO/domestic-general-government-health-expenditure-%28gghe-d%29-as-percentage-of-gross-domestic-product-%28gdp%29-%28-%29,2003,2003,2003,AFR,Africa,KEN,Kenya,,,,1.12453854,1.12,,
GHED_CHEGDP_SHA2011,Current health expenditure (CHE) as percentage of gross domestic product (GDP) (%),https://www.who.int/data/gho/data/indicators/indicator-details/GHO/current-health-expenditure-%28che%29-as-percentage-of-gross-domestic-product-%28gdp%29-%28-%29,2009,2009,2009,AFR,Africa,KEN,Kenya,,,,5.29172945,5.29,,
GHED_GGHE-DGDP_SHA2011,Domestic general government health expenditure (GGHE-D) as percentage of gross domestic product (GDP) (%),https://www.who.int/data/gho/data/indicators/indicator-details/GHO/domestic-general-government-health-expenditure-%28gghe-d%29-as-percentage-of-gross-domestic-product-%28gdp%29-%28-%29,2012,2012,2012,AFR,Africa,KEN,Kenya,,,,1.62624443,1.63,,
GHED_GGHE-DCHE_SHA2011,Domestic general government health expenditure (GGHE-D) as percentage of current health expenditure (CHE) (%),https://www.who.int/data/gho/data/indicators/indicator-details/GHO/domestic-general-government-health-expenditure-%28gche-d%29-as-percentage-of-current-health-expenditure,2001,2001,2001,AFR,Africa,KEN,Kenya,,,,28.31727982,28.32,,
GHED_OOPSCHE_SHA2011,Out-of-pocket expenditure as percentage of current health expenditure (CHE) (%),https://www.who.int/data/gho/data/indicators/indicator-details/GHO/out-of-pocket-expenditure-as-percentage-of-current-health-expenditure-%28che%29-%28-%29,2011,2011,2011,AFR,Africa,KEN,Kenya,,,,30.96613503,30.97,,
GHED_PVT-DCHE_SHA2011,Domestic private health expenditure (PVT-D) as percentage of current health expenditure (CHE) (%),https://www.who.int/data/gho/data/indicators/indicator-details/GHO/domestic-private-health-expenditure-%28pvt-d%29-as-percentage-of-current-health-expenditure-%28che%29-%28-%29,2012,2012,2012,AFR,Africa,KEN,Kenya,,,,43.28137207,43.28,,
GHED_PVT-D_pc_US_SHA2011,Domestic private health expenditure (PVT-D) per capita in US$,https://www.who.int/data/gho/data/indicators/indicator-details/GHO/domestic-private-health-expenditure-%28pvt-d%29-per-capita-in-usd,2001,2001,2001,AFR,Africa,KEN,Kenya,,,,12.69144131,12.69,,
GHED_PVT-DCHE_SHA2011,Domestic private health expenditure (PVT-D) as percentage of current health expenditure (CHE) (%),https://www.who.int/data/gho/data/indicators/indicator-details/GHO/domestic-private-health-expenditure-%28pvt-d%29-as-percentage-of-current-health-expenditure-%28che%29-%28-%29,2008,2008,2008,AFR,Africa,KEN,Kenya,,,,44.84187317,44.84,,
GHED_OOPSCHE_SHA2011,Out-of-pocket expenditure as percentage of current health expenditure (CHE) (%),https://www.who.int/data/gho/data/indicators/indicator-details/GHO/out-of-pocket-expenditure-as-percentage-of-current-health-expenditure-%28che%29-%28-%29,2014,2014,2014,AFR,Africa,KEN,Kenya,,,,29.22180367,29.22,,
GHED_GGHE-D_pc_US_SHA2011,Domestic general government health expenditure (GGHE-D) per capita in US$,https://www.who.int/data/gho/data/indicators/indicator-details/GHO/domestic-general-government-health-expenditure-%28gghe-d%29-per-capita-in-us,2012,2012,2012,AFR,Africa,KEN,Kenya,,,,20.89732864,20.90,,
GHED_PVT-DCHE_SHA2011,Domestic private health expenditure (PVT-D) as percentage of current health expenditure (CHE) (%),https://www.who.int/data/gho/data/indicators/indicator-details/GHO/domestic-private-health-expenditure-%28pvt-d%29-as-percentage-of-current-health-expenditure-%28che%29-%28-%29,2005,2005,2005,AFR,Africa,KEN,Kenya,,,,54.5215683,54.52,,
GHED_PVT-DCHE_SHA2011,Domestic private health expenditure (PVT-D) as percentage of current health expenditure (CHE) (%),https://www.who.int/data/gho/data/indicators/indicator-details/GHO/domestic-private-health-expenditure-%28pvt-d%29-as-percentage-of-current-health-expenditure-%28che%29-%28-%29,2013,2013,2013,AFR,Africa,KEN,Kenya,,,,43.66942215,43.67,,
GHED_GGHE-DCHE_SHA2011,Domestic general government health expenditure (GGHE-D) as percentage of current health expenditure (CHE) (%),https://www.who.int/data/gho/data/indicators/indicator-details/GHO/domestic-general-government-health-expenditure-%28gche-d%29-as-percentage-of-current-health-expenditure,2010,2010,2010,AFR,Africa,KEN,Kenya,,,,28.96219444,28.96,,
GHED_GGHE-DGDP_SHA2011,Domestic general government health expenditure (GGHE-D) as percentage of gross domestic product (GDP) (%),https://www.who.int/data/gho/data/indicators/indicator-details/GHO/domestic-general-government-health-expenditure-%28gghe-d%29-as-percentage-of-gross-domestic-product-%28gdp%29-%28-%29,2001,2001,2001,AFR,Africa,KEN,Kenya,,,,1.05907285,1.06,,
GHED_GGHE-DGDP_SHA2011,Domestic general government health expenditure (GGHE-D) as percentage of gross domestic product (GDP) (%),https://www.who.int/data/gho/data/indicators/indicator-details/GHO/domestic-general-government-health-expenditure-%28gghe-d%29-as-percentage-of-gross-domestic-product-%28gdp%29-%28-%29,2006,2006,2006,AFR,Africa,KEN,Kenya,,,,1.17933488,1.18,,
GHED_PVT-D_pc_US_SHA2011,Domestic private health expenditure (PVT-D) per capita in US$,https://www.who.int/data/gho/data/indicators/indicator-details/GHO/domestic-private-health-expenditure-%28pvt-d%29-per-capita-in-usd,2022,2022,2022,AFR,Africa,KEN,Kenya,,,,31.57528867,31.58,,
GHED_OOP_pc_US_SHA2011,Out-of-pocket expenditure (OOP) per capita in US$,https://www.who.int/data/gho/data/indicators/indicator-details/GHO/out-of-pocket-expenditure-%28oop%29-per-capita-in-us,2006,2006,2006,AFR,Africa,KEN,Kenya,,,,15.79602389,15.80,,
GHED_OOPSCHE_SHA2011,Out-of-pocket expenditure as percentage of current health expenditure (CHE) (%),https://www.who.int/data/gho/data/indicators/indicator-details/GHO/out-of-pocket-expenditure-as-percentage-of-current-health-expenditure-%28che%29-%28-%29,2021,2021,2021,AFR,Africa,KEN,Kenya,,,,22.65199471,22.65,,
GHED_EXTCHE_SHA2011,External health expenditure (EXT) as percentage of current health expenditure (CHE) (%),https://www.who.int/data/gho/data/indicators/indicator-details/GHO/external-health-expenditure-%28ext%29-as-percentage-of-current-health-expenditure-%28che%29-%28-%29,2021,2021,2021,AFR,Africa,KEN,Kenya,,,,18.5484066,18.55,,
GHED_GGHE-D_pc_US_SHA2011,Domestic general government health expenditure (GGHE-D) per capita in US$,https://www.who.int/data/gho/data/indicators/indicator-details/GHO/domestic-general-government-health-expenditure-%28gghe-d%29-per-capita-in-us,2023,2023,2023,AFR,Africa,KEN,Kenya,,,,38.1540972,38.15,,
GHED_OOPSCHE_SHA2011,Out-of-pocket expenditure as percentage of current health expenditure (CHE) (%),https://www.who.int/data/gho/data/indicators/indicator-details/GHO/out-of-pocket-expenditure-as-percentage-of-current-health-expenditure-%28che%29-%28-%29,2016,2016,2016,AFR,Africa,KEN,Kenya,,,,24.99973106,25.00,,
GHED_GGHE-D_pc_US_SHA2011,Domestic general government health expenditure (GGHE-D) per capita in US$,https://www.who.int/data/gho/data/indicators/indicator-details/GHO/domestic-general-government-health-expenditure-%28gghe-d%29-per-capita-in-us,2018,2018,2018,AFR,Africa,KEN,Kenya,,,,32.45144581,32.45,,
GHED_OOPSCHE_SHA2011,Out-of-pocket expenditure as percentage of current health expenditure (CHE) (%),https://www.who.int/data/gho/data/indicators/indicator-details/GHO/out-of-pocket-expenditure-as-percentage-of-current-health-expenditure-%28che%29-%28-%29,2019,2019,2019,AFR,Africa,KEN,Kenya,,,,24.29976273,24.30,,
GHED_EXT_pc_US_SHA2011,External health expenditure (EXT) per capita in US$,https://www.who.int/data/gho/data/indicators/indicator-details/GHO/external-health-expenditure-%28ext%29-per-capita-in-us,2011,2011,2011,AFR,Africa,KEN,Kenya,,,,15.00984189,15.01,,
GHED_EXTCHE_SHA2011,External health expenditure (EXT) as percentage of current health expenditure (CHE) (%),https://www.who.int/data/gho/data/indicators/indicator-details/GHO/external-health-expenditure-%28ext%29-as-percentage-of-current-health-expenditure-%28che%29-%28-%29,2015,2015,2015,AFR,Africa,KEN,Kenya,,,,17.92063522,17.92,,
GHED_EXTCHE_SHA2011,External health expenditure (EXT) as percentage of current health expenditure (CHE) (%),https://www.who.int/data/gho/data/indicators/indicator-details/GHO/external-health-expenditure-%28ext%29-as-percentage-of-current-health-expenditure-%28che%29-%28-%29,2022,2022,2022,AFR,Africa,KEN,Kenya,,,,19.01725769,19.02,,
GHED_EXTCHE_SHA2011,External health expenditure (EXT) as percentage of current health expenditure (CHE) (%),https://www.who.int/data/gho/data/indicators/indicator-details/GHO/external-health-expenditure-%28ext%29-as-percentage-of-current-health-expenditure-%28che%29-%28-%29,2004,2004,2004,AFR,Africa,KEN,Kenya,,,,20.45493889,20.45,,
GHED_OOP_pc_US_SHA2011,Out-of-pocket expenditure (OOP) per capita in US$,https://www.who.int/data/gho/data/indicators/indicator-details/GHO/out-of-pocket-expenditure-%28oop%29-per-capita-in-us,2003,2003,2003,AFR,Africa,KEN,Kenya,,,,11.6127141,11.61,,
GHED_EXTCHE_SHA2011,External health expenditure (EXT) as percentage of current health expenditure (CHE) (%),https://www.who.int/data/gho/data/indicators/indicator-details/GHO/external-health-expenditure-%28ext%29-as-percentage-of-current-health-expenditure-%28che%29-%28-%29,2006,2006,2006,AFR,Africa,KEN,Kenya,,,,29.00087166,29.00,,
GHED_EXT_pc_US_SHA2011,External health expenditure (EXT) per capita in US$,https://www.who.int/data/gho/data/indicators/indicator-details/GHO/external-health-expenditure-%28ext%29-per-capita-in-us,2001,2001,2001,AFR,Africa,KEN,Kenya,,,,3.16110271,3.16,,
GHED_GGHE-DGGE_SHA2011,Domestic general government health expenditure (GGHE-D) as percentage of general government expenditure (GGE) (%),https://www.who.int/data/gho/data/indicators/indicator-details/GHO/domestic-general-government-health-expenditure-%28gghe-d%29-as-percentage-of-general-government-expenditure-%28gge%29,2002,2002,2002,AFR,Africa,KEN,Kenya,,,,7.08898258,7.09,,
